STOP_ID,CHANGE
20009805,ADD
20020953,ADD
20020954,ADD
20020955,ADD
20020956,ADD
20020957,ADD
20020958,ADD
20020959,ADD
20020986,ADD
20000545,DELETE
20007345,DELETE
20011480,DELETE
20000003,UPDATE
20000004,UPDATE
20000007,UPDATE
20000008,UPDATE
20000009,UPDATE
20000010,UPDATE
20000011,UPDATE
20000012,UPDATE
20000013,UPDATE
20000015,UPDATE
20000016,UPDATE
20000017,UPDATE
20000018,UPDATE
20000019,UPDATE
20000020,UPDATE
20000021,UPDATE
20000024,UPDATE
20000025,UPDATE
20000026,UPDATE
20000048,UPDATE
20000049,UPDATE
20000052,UPDATE
20000053,UPDATE
20000057,UPDATE
20000058,UPDATE
20000066,UPDATE
20000072,UPDATE
20000075,UPDATE
20000080,UPDATE
20000081,UPDATE
20000084,UPDATE
20000085,UPDATE
20000088,UPDATE
20000089,UPDATE
20000090,UPDATE
20000091,UPDATE
20000092,UPDATE
20000093,UPDATE
20000094,UPDATE
20000095,UPDATE
20000096,UPDATE
20000097,UPDATE
20000098,UPDATE
20000099,UPDATE
20000101,UPDATE
20000102,UPDATE
20000103,UPDATE
20000104,UPDATE
20000105,UPDATE
20000106,UPDATE
20000107,UPDATE
20000108,UPDATE
20000109,UPDATE
20000110,UPDATE
20000111,UPDATE
20000118,UPDATE
20000119,UPDATE
20000120,UPDATE
20000121,UPDATE
20000122,UPDATE
20000123,UPDATE
20000124,UPDATE
20000125,UPDATE
20000126,UPDATE
20000127,UPDATE
20000130,UPDATE
20000134,UPDATE
20000135,UPDATE
20000136,UPDATE
20000137,UPDATE
20000138,UPDATE
20000139,UPDATE
20000140,UPDATE
20000142,UPDATE
20000143,UPDATE
20000146,UPDATE
20000147,UPDATE
20000152,UPDATE
20000157,UPDATE
20000159,UPDATE
20000160,UPDATE
20000161,UPDATE
20000165,UPDATE
20000166,UPDATE
20000169,UPDATE
20000173,UPDATE
20000174,UPDATE
20000175,UPDATE
20000177,UPDATE
20000210,UPDATE
20000211,UPDATE
20000215,UPDATE
20000218,UPDATE
20000219,UPDATE
20000234,UPDATE
20000238,UPDATE
20000239,UPDATE
20000240,UPDATE
20000242,UPDATE
20000243,UPDATE
20000246,UPDATE
20000247,UPDATE
20000248,UPDATE
20000249,UPDATE
20000251,UPDATE
20000253,UPDATE
20000254,UPDATE
20000255,UPDATE
20000256,UPDATE
20000257,UPDATE
20000258,UPDATE
20000260,UPDATE
20000263,UPDATE
20000264,UPDATE
20000266,UPDATE
20000267,UPDATE
20000268,UPDATE
20000270,UPDATE
20000271,UPDATE
20000272,UPDATE
20000273,UPDATE
20000274,UPDATE
20000275,UPDATE
20000276,UPDATE
20000277,UPDATE
20000281,UPDATE
20000282,UPDATE
20000283,UPDATE
20000284,UPDATE
20000289,UPDATE
20000290,UPDATE
20000294,UPDATE
20000295,UPDATE
20000296,UPDATE
20000297,UPDATE
20000298,UPDATE
20000299,UPDATE
20000300,UPDATE
20000302,UPDATE
20000303,UPDATE
20000304,UPDATE
20000305,UPDATE
20000307,UPDATE
20000308,UPDATE
20000309,UPDATE
20000310,UPDATE
20000311,UPDATE
20000312,UPDATE
20000313,UPDATE
20000314,UPDATE
20000315,UPDATE
20000318,UPDATE
20000322,UPDATE
20000324,UPDATE
20000325,UPDATE
20000326,UPDATE
20000327,UPDATE
20000328,UPDATE
20000329,UPDATE
20000330,UPDATE
20000331,UPDATE
20000332,UPDATE
20000334,UPDATE
20000335,UPDATE
20000336,UPDATE
20000338,UPDATE
20000340,UPDATE
20000341,UPDATE
20000342,UPDATE
20000343,UPDATE
20000347,UPDATE
20000348,UPDATE
20000349,UPDATE
20000352,UPDATE
20000356,UPDATE
20000358,UPDATE
20000359,UPDATE
20000360,UPDATE
20000361,UPDATE
20000362,UPDATE
20000363,UPDATE
20000366,UPDATE
20000367,UPDATE
20000368,UPDATE
20000369,UPDATE
20000370,UPDATE
20000378,UPDATE
20000380,UPDATE
20000383,UPDATE
20000394,UPDATE
20000396,UPDATE
20000398,UPDATE
20000409,UPDATE
20000411,UPDATE
20000418,UPDATE
20000420,UPDATE
20000433,UPDATE
20000440,UPDATE
20000443,UPDATE
20000444,UPDATE
20000446,UPDATE
20000453,UPDATE
20000454,UPDATE
20000456,UPDATE
20000458,UPDATE
20000462,UPDATE
20000465,UPDATE
20000466,UPDATE
20000467,UPDATE
20000468,UPDATE
20000469,UPDATE
20000470,UPDATE
20000472,UPDATE
20000473,UPDATE
20000475,UPDATE
20000476,UPDATE
20000478,UPDATE
20000479,UPDATE
20000482,UPDATE
20000483,UPDATE
20000484,UPDATE
20000489,UPDATE
20000490,UPDATE
20000506,UPDATE
20000508,UPDATE
20000519,UPDATE
20000540,UPDATE
20000541,UPDATE
20000544,UPDATE
20000546,UPDATE
20000547,UPDATE
20000550,UPDATE
20000551,UPDATE
20000553,UPDATE
20000554,UPDATE
20000556,UPDATE
20000557,UPDATE
20000558,UPDATE
20000561,UPDATE
20000563,UPDATE
20000566,UPDATE
20000568,UPDATE
20000580,UPDATE
20000581,UPDATE
20000582,UPDATE
20000583,UPDATE
20000584,UPDATE
20000585,UPDATE
20000586,UPDATE
20000588,UPDATE
20000589,UPDATE
20000590,UPDATE
20000591,UPDATE
20000592,UPDATE
20000594,UPDATE
20000595,UPDATE
20000596,UPDATE
20000597,UPDATE
20000598,UPDATE
20000599,UPDATE
20000600,UPDATE
20000603,UPDATE
20000604,UPDATE
20000607,UPDATE
20000613,UPDATE
20000615,UPDATE
20000620,UPDATE
20000622,UPDATE
20000625,UPDATE
20000626,UPDATE
20000627,UPDATE
20000628,UPDATE
20000629,UPDATE
20000630,UPDATE
20000631,UPDATE
20000633,UPDATE
20000662,UPDATE
20000673,UPDATE
20000678,UPDATE
20000680,UPDATE
20000681,UPDATE
20000682,UPDATE
20000683,UPDATE
20000684,UPDATE
20000685,UPDATE
20000686,UPDATE
20000687,UPDATE
20000688,UPDATE
20000690,UPDATE
20000691,UPDATE
20000694,UPDATE
20000696,UPDATE
20000697,UPDATE
20000698,UPDATE
20000700,UPDATE
20000701,UPDATE
20000702,UPDATE
20000703,UPDATE
20000704,UPDATE
20000706,UPDATE
20000707,UPDATE
20000709,UPDATE
20000710,UPDATE
20000714,UPDATE
20000715,UPDATE
20000716,UPDATE
20000717,UPDATE
20000718,UPDATE
20000719,UPDATE
20000720,UPDATE
20000721,UPDATE
20000723,UPDATE
20000724,UPDATE
20000725,UPDATE
20000726,UPDATE
20000727,UPDATE
20000731,UPDATE
20000733,UPDATE
20000735,UPDATE
20000736,UPDATE
20000737,UPDATE
20000739,UPDATE
20000740,UPDATE
20000742,UPDATE
20000744,UPDATE
20000745,UPDATE
20000746,UPDATE
20000747,UPDATE
20000748,UPDATE
20000749,UPDATE
20000752,UPDATE
20000753,UPDATE
20000758,UPDATE
20000761,UPDATE
20000762,UPDATE
20000763,UPDATE
20000772,UPDATE
20000785,UPDATE
20000786,UPDATE
20000787,UPDATE
20000788,UPDATE
20000789,UPDATE
20000790,UPDATE
20000791,UPDATE
20000794,UPDATE
20000796,UPDATE
20000797,UPDATE
20000798,UPDATE
20000799,UPDATE
20000800,UPDATE
20000801,UPDATE
20000802,UPDATE
20000808,UPDATE
20000809,UPDATE
20000810,UPDATE
20000814,UPDATE
20000815,UPDATE
20000819,UPDATE
20000820,UPDATE
20000821,UPDATE
20000823,UPDATE
20000824,UPDATE
20000831,UPDATE
20000859,UPDATE
20000866,UPDATE
20000867,UPDATE
20000868,UPDATE
20000870,UPDATE
20000872,UPDATE
20000894,UPDATE
20000895,UPDATE
20000905,UPDATE
20000907,UPDATE
20000909,UPDATE
20000911,UPDATE
20000912,UPDATE
20000916,UPDATE
20000923,UPDATE
20000935,UPDATE
20000936,UPDATE
20000946,UPDATE
20000952,UPDATE
20000953,UPDATE
20000954,UPDATE
20000955,UPDATE
20000960,UPDATE
20000968,UPDATE
20000969,UPDATE
20000973,UPDATE
20000975,UPDATE
20000976,UPDATE
20000978,UPDATE
20000980,UPDATE
20000983,UPDATE
20000985,UPDATE
20000986,UPDATE
20000987,UPDATE
20000988,UPDATE
20000989,UPDATE
20000990,UPDATE
20000991,UPDATE
20000992,UPDATE
20000993,UPDATE
20000994,UPDATE
20000995,UPDATE
20001020,UPDATE
20001039,UPDATE
20001045,UPDATE
20001049,UPDATE
20001050,UPDATE
20001053,UPDATE
20001058,UPDATE
20001060,UPDATE
20001082,UPDATE
20001093,UPDATE
20001099,UPDATE
20001112,UPDATE
20001113,UPDATE
20001114,UPDATE
20001115,UPDATE
20001116,UPDATE
20001117,UPDATE
20001118,UPDATE
20001119,UPDATE
20001120,UPDATE
20001121,UPDATE
20001128,UPDATE
20001129,UPDATE
20001130,UPDATE
20001133,UPDATE
20001137,UPDATE
20001140,UPDATE
20001142,UPDATE
20001144,UPDATE
20001145,UPDATE
20001146,UPDATE
20001149,UPDATE
20001150,UPDATE
20001151,UPDATE
20001152,UPDATE
20001154,UPDATE
20001159,UPDATE
20001161,UPDATE
20001162,UPDATE
20001163,UPDATE
20001164,UPDATE
20001166,UPDATE
20001169,UPDATE
20001170,UPDATE
20001171,UPDATE
20001172,UPDATE
20001174,UPDATE
20001175,UPDATE
20001193,UPDATE
20001194,UPDATE
20001196,UPDATE
20001197,UPDATE
20001198,UPDATE
20001199,UPDATE
20001200,UPDATE
20001202,UPDATE
20001203,UPDATE
20001205,UPDATE
20001207,UPDATE
20001208,UPDATE
20001209,UPDATE
20001210,UPDATE
20001212,UPDATE
20001214,UPDATE
20001217,UPDATE
20001218,UPDATE
20001219,UPDATE
20001220,UPDATE
20001221,UPDATE
20001222,UPDATE
20001224,UPDATE
20001225,UPDATE
20001226,UPDATE
20001227,UPDATE
20001228,UPDATE
20001229,UPDATE
20001230,UPDATE
20001231,UPDATE
20001234,UPDATE
20001235,UPDATE
20001236,UPDATE
20001238,UPDATE
20001239,UPDATE
20001240,UPDATE
20001241,UPDATE
20001242,UPDATE
20001243,UPDATE
20001244,UPDATE
20001245,UPDATE
20001248,UPDATE
20001249,UPDATE
20001253,UPDATE
20001263,UPDATE
20001264,UPDATE
20001266,UPDATE
20001268,UPDATE
20001269,UPDATE
20001271,UPDATE
20001272,UPDATE
20001274,UPDATE
20001276,UPDATE
20001278,UPDATE
20001280,UPDATE
20001281,UPDATE
20001282,UPDATE
20001283,UPDATE
20001286,UPDATE
20001287,UPDATE
20001288,UPDATE
20001289,UPDATE
20001296,UPDATE
20001305,UPDATE
20001306,UPDATE
20001308,UPDATE
20001309,UPDATE
20001310,UPDATE
20001311,UPDATE
20001312,UPDATE
20001313,UPDATE
20001314,UPDATE
20001318,UPDATE
20001319,UPDATE
20001321,UPDATE
20001322,UPDATE
20001323,UPDATE
20001324,UPDATE
20001325,UPDATE
20001326,UPDATE
20001327,UPDATE
20001332,UPDATE
20001333,UPDATE
20001336,UPDATE
20001337,UPDATE
20001338,UPDATE
20001339,UPDATE
20001341,UPDATE
20001342,UPDATE
20001344,UPDATE
20001346,UPDATE
20001347,UPDATE
20001348,UPDATE
20001349,UPDATE
20001351,UPDATE
20001352,UPDATE
20001353,UPDATE
20001354,UPDATE
20001355,UPDATE
20001356,UPDATE
20001357,UPDATE
20001358,UPDATE
20001359,UPDATE
20001360,UPDATE
20001363,UPDATE
20001365,UPDATE
20001368,UPDATE
20001369,UPDATE
20001370,UPDATE
20001372,UPDATE
20001373,UPDATE
20001374,UPDATE
20001376,UPDATE
20001377,UPDATE
20001378,UPDATE
20001379,UPDATE
20001380,UPDATE
20001381,UPDATE
20001382,UPDATE
20001384,UPDATE
20001385,UPDATE
20001386,UPDATE
20001387,UPDATE
20001389,UPDATE
20001390,UPDATE
20001391,UPDATE
20001392,UPDATE
20001393,UPDATE
20001394,UPDATE
20001396,UPDATE
20001397,UPDATE
20001398,UPDATE
20001399,UPDATE
20001400,UPDATE
20001401,UPDATE
20001402,UPDATE
20001403,UPDATE
20001404,UPDATE
20001405,UPDATE
20001406,UPDATE
20001413,UPDATE
20001418,UPDATE
20001427,UPDATE
20001428,UPDATE
20001429,UPDATE
20001430,UPDATE
20001445,UPDATE
20001453,UPDATE
20001455,UPDATE
20001456,UPDATE
20001457,UPDATE
20001460,UPDATE
20001466,UPDATE
20001467,UPDATE
20001468,UPDATE
20001469,UPDATE
20001470,UPDATE
20001471,UPDATE
20001473,UPDATE
20001474,UPDATE
20001475,UPDATE
20001476,UPDATE
20001477,UPDATE
20001478,UPDATE
20001479,UPDATE
20001480,UPDATE
20001483,UPDATE
20001492,UPDATE
20001493,UPDATE
20001494,UPDATE
20001495,UPDATE
20001496,UPDATE
20001497,UPDATE
20001499,UPDATE
20001501,UPDATE
20001502,UPDATE
20001505,UPDATE
20001506,UPDATE
20001507,UPDATE
20001510,UPDATE
20001513,UPDATE
20001514,UPDATE
20001515,UPDATE
20001516,UPDATE
20001518,UPDATE
20001520,UPDATE
20001521,UPDATE
20001522,UPDATE
20001523,UPDATE
20001524,UPDATE
20001525,UPDATE
20001544,UPDATE
20001545,UPDATE
20001547,UPDATE
20001549,UPDATE
20001550,UPDATE
20001551,UPDATE
20001553,UPDATE
20001554,UPDATE
20001556,UPDATE
20001557,UPDATE
20001563,UPDATE
20001564,UPDATE
20001567,UPDATE
20001569,UPDATE
20001570,UPDATE
20001571,UPDATE
20001572,UPDATE
20001573,UPDATE
20001580,UPDATE
20001581,UPDATE
20001582,UPDATE
20001599,UPDATE
20001600,UPDATE
20001601,UPDATE
20001603,UPDATE
20001606,UPDATE
20001615,UPDATE
20001616,UPDATE
20001618,UPDATE
20001620,UPDATE
20001629,UPDATE
20001643,UPDATE
20001646,UPDATE
20001654,UPDATE
20001655,UPDATE
20001656,UPDATE
20001658,UPDATE
20001660,UPDATE
20001661,UPDATE
20001670,UPDATE
20001671,UPDATE
20001672,UPDATE
20001675,UPDATE
20001676,UPDATE
20001677,UPDATE
20001679,UPDATE
20001680,UPDATE
20001687,UPDATE
20001690,UPDATE
20001696,UPDATE
20001698,UPDATE
20001716,UPDATE
20001726,UPDATE
20001730,UPDATE
20001731,UPDATE
20001732,UPDATE
20001734,UPDATE
20001737,UPDATE
20001740,UPDATE
20001742,UPDATE
20001746,UPDATE
20001754,UPDATE
20001755,UPDATE
20001756,UPDATE
20001757,UPDATE
20001759,UPDATE
20001760,UPDATE
20001783,UPDATE
20001792,UPDATE
20001801,UPDATE
20001803,UPDATE
20001804,UPDATE
20001814,UPDATE
20001815,UPDATE
20001816,UPDATE
20001817,UPDATE
20001818,UPDATE
20001819,UPDATE
20001837,UPDATE
20001848,UPDATE
20001851,UPDATE
20001854,UPDATE
20001860,UPDATE
20001861,UPDATE
20001862,UPDATE
20001864,UPDATE
20001872,UPDATE
20001873,UPDATE
20001876,UPDATE
20001877,UPDATE
20001887,UPDATE
20001888,UPDATE
20001889,UPDATE
20001893,UPDATE
20001894,UPDATE
20001909,UPDATE
20001926,UPDATE
20001942,UPDATE
20001944,UPDATE
20001951,UPDATE
20001955,UPDATE
20001957,UPDATE
20001961,UPDATE
20001963,UPDATE
20001964,UPDATE
20001966,UPDATE
20001968,UPDATE
20001969,UPDATE
20001970,UPDATE
20001972,UPDATE
20001973,UPDATE
20001974,UPDATE
20001993,UPDATE
20001994,UPDATE
20001996,UPDATE
20001998,UPDATE
20001999,UPDATE
20002000,UPDATE
20002001,UPDATE
20002002,UPDATE
20002003,UPDATE
20002005,UPDATE
20002010,UPDATE
20002012,UPDATE
20002013,UPDATE
20002020,UPDATE
20002021,UPDATE
20002022,UPDATE
20002027,UPDATE
20002030,UPDATE
20002031,UPDATE
20002032,UPDATE
20002033,UPDATE
20002034,UPDATE
20002035,UPDATE
20002036,UPDATE
20002037,UPDATE
20002040,UPDATE
20002043,UPDATE
20002044,UPDATE
20002046,UPDATE
20002048,UPDATE
20002050,UPDATE
20002053,UPDATE
20002054,UPDATE
20002057,UPDATE
20002058,UPDATE
20002059,UPDATE
20002062,UPDATE
20002066,UPDATE
20002069,UPDATE
20002070,UPDATE
20002071,UPDATE
20002073,UPDATE
20002077,UPDATE
20002079,UPDATE
20002080,UPDATE
20002081,UPDATE
20002082,UPDATE
20002083,UPDATE
20002084,UPDATE
20002085,UPDATE
20002087,UPDATE
20002090,UPDATE
20002096,UPDATE
20002101,UPDATE
20002102,UPDATE
20002103,UPDATE
20002104,UPDATE
20002105,UPDATE
20002106,UPDATE
20002107,UPDATE
20002110,UPDATE
20002111,UPDATE
20002112,UPDATE
20002113,UPDATE
20002115,UPDATE
20002116,UPDATE
20002119,UPDATE
20002120,UPDATE
20002121,UPDATE
20002122,UPDATE
20002123,UPDATE
20002124,UPDATE
20002125,UPDATE
20002126,UPDATE
20002127,UPDATE
20002131,UPDATE
20002133,UPDATE
20002141,UPDATE
20002145,UPDATE
20002148,UPDATE
20002159,UPDATE
20002163,UPDATE
20002164,UPDATE
20002170,UPDATE
20002176,UPDATE
20002177,UPDATE
20002178,UPDATE
20002179,UPDATE
20002180,UPDATE
20002181,UPDATE
20002182,UPDATE
20002183,UPDATE
20002184,UPDATE
20002185,UPDATE
20002187,UPDATE
20002188,UPDATE
20002189,UPDATE
20002190,UPDATE
20002191,UPDATE
20002192,UPDATE
20002193,UPDATE
20002194,UPDATE
20002195,UPDATE
20002196,UPDATE
20002197,UPDATE
20002198,UPDATE
20002199,UPDATE
20002203,UPDATE
20002210,UPDATE
20002211,UPDATE
20002216,UPDATE
20002217,UPDATE
20002218,UPDATE
20002221,UPDATE
20002222,UPDATE
20002223,UPDATE
20002225,UPDATE
20002226,UPDATE
20002227,UPDATE
20002228,UPDATE
20002229,UPDATE
20002230,UPDATE
20002232,UPDATE
20002235,UPDATE
20002236,UPDATE
20002237,UPDATE
20002238,UPDATE
20002241,UPDATE
20002242,UPDATE
20002243,UPDATE
20002244,UPDATE
20002245,UPDATE
20002246,UPDATE
20002247,UPDATE
20002248,UPDATE
20002249,UPDATE
20002250,UPDATE
20002251,UPDATE
20002252,UPDATE
20002253,UPDATE
20002254,UPDATE
20002255,UPDATE
20002256,UPDATE
20002257,UPDATE
20002258,UPDATE
20002259,UPDATE
20002260,UPDATE
20002261,UPDATE
20002262,UPDATE
20002263,UPDATE
20002264,UPDATE
20002273,UPDATE
20002274,UPDATE
20002275,UPDATE
20002276,UPDATE
20002277,UPDATE
20002281,UPDATE
20002282,UPDATE
20002283,UPDATE
20002284,UPDATE
20002285,UPDATE
20002286,UPDATE
20002287,UPDATE
20002288,UPDATE
20002289,UPDATE
20002290,UPDATE
20002293,UPDATE
20002294,UPDATE
20002295,UPDATE
20002297,UPDATE
20002298,UPDATE
20002299,UPDATE
20002307,UPDATE
20002312,UPDATE
20002313,UPDATE
20002314,UPDATE
20002315,UPDATE
20002317,UPDATE
20002320,UPDATE
20002321,UPDATE
20002322,UPDATE
20002327,UPDATE
20002366,UPDATE
20002381,UPDATE
20002391,UPDATE
20002394,UPDATE
20002395,UPDATE
20002403,UPDATE
20002406,UPDATE
20002407,UPDATE
20002413,UPDATE
20002414,UPDATE
20002415,UPDATE
20002416,UPDATE
20002419,UPDATE
20002430,UPDATE
20002436,UPDATE
20002437,UPDATE
20002465,UPDATE
20002474,UPDATE
20002491,UPDATE
20002492,UPDATE
20002493,UPDATE
20002494,UPDATE
20002495,UPDATE
20002496,UPDATE
20002497,UPDATE
20002501,UPDATE
20002502,UPDATE
20002523,UPDATE
20002524,UPDATE
20002551,UPDATE
20002553,UPDATE
20002563,UPDATE
20002565,UPDATE
20002566,UPDATE
20002567,UPDATE
20002568,UPDATE
20002570,UPDATE
20002571,UPDATE
20002578,UPDATE
20002597,UPDATE
20002599,UPDATE
20002600,UPDATE
20002601,UPDATE
20002602,UPDATE
20002603,UPDATE
20002605,UPDATE
20002606,UPDATE
20002608,UPDATE
20002614,UPDATE
20002622,UPDATE
20002623,UPDATE
20002633,UPDATE
20002634,UPDATE
20002646,UPDATE
20002647,UPDATE
20002648,UPDATE
20002649,UPDATE
20002650,UPDATE
20002652,UPDATE
20002654,UPDATE
20002655,UPDATE
20002663,UPDATE
20002670,UPDATE
20002671,UPDATE
20002675,UPDATE
20002676,UPDATE
20002677,UPDATE
20002713,UPDATE
20002719,UPDATE
20002734,UPDATE
20002735,UPDATE
20002740,UPDATE
20002749,UPDATE
20002787,UPDATE
20002790,UPDATE
20002799,UPDATE
20002816,UPDATE
20002839,UPDATE
20002841,UPDATE
20002846,UPDATE
20002870,UPDATE
20002871,UPDATE
20002953,UPDATE
20002981,UPDATE
20003008,UPDATE
20003010,UPDATE
20003011,UPDATE
20003024,UPDATE
20003028,UPDATE
20003029,UPDATE
20003030,UPDATE
20003031,UPDATE
20003045,UPDATE
20003048,UPDATE
20003049,UPDATE
20003050,UPDATE
20003051,UPDATE
20003052,UPDATE
20003054,UPDATE
20003055,UPDATE
20003056,UPDATE
20003065,UPDATE
20003070,UPDATE
20003072,UPDATE
20003075,UPDATE
20003076,UPDATE
20003080,UPDATE
20003082,UPDATE
20003083,UPDATE
20003084,UPDATE
20003085,UPDATE
20003087,UPDATE
20003089,UPDATE
20003090,UPDATE
20003094,UPDATE
20003101,UPDATE
20003105,UPDATE
20003108,UPDATE
20003110,UPDATE
20003117,UPDATE
20003128,UPDATE
20003129,UPDATE
20003132,UPDATE
20003138,UPDATE
20003139,UPDATE
20003142,UPDATE
20003145,UPDATE
20003149,UPDATE
20003150,UPDATE
20003151,UPDATE
20003154,UPDATE
20003160,UPDATE
20003161,UPDATE
20003162,UPDATE
20003163,UPDATE
20003164,UPDATE
20003165,UPDATE
20003166,UPDATE
20003167,UPDATE
20003174,UPDATE
20003175,UPDATE
20003176,UPDATE
20003178,UPDATE
20003179,UPDATE
20003183,UPDATE
20003184,UPDATE
20003188,UPDATE
20003189,UPDATE
20003190,UPDATE
20003191,UPDATE
20003192,UPDATE
20003193,UPDATE
20003196,UPDATE
20003197,UPDATE
20003198,UPDATE
20003200,UPDATE
20003201,UPDATE
20003202,UPDATE
20003203,UPDATE
20003204,UPDATE
20003205,UPDATE
20003224,UPDATE
20003225,UPDATE
20003233,UPDATE
20003237,UPDATE
20003238,UPDATE
20003242,UPDATE
20003243,UPDATE
20003244,UPDATE
20003245,UPDATE
20003246,UPDATE
20003249,UPDATE
20003250,UPDATE
20003259,UPDATE
20003261,UPDATE
20003263,UPDATE
20003264,UPDATE
20003266,UPDATE
20003273,UPDATE
20003278,UPDATE
20003279,UPDATE
20003281,UPDATE
20003282,UPDATE
20003310,UPDATE
20003314,UPDATE
20003318,UPDATE
20003322,UPDATE
20003325,UPDATE
20003326,UPDATE
20003328,UPDATE
20003329,UPDATE
20003330,UPDATE
20003336,UPDATE
20003337,UPDATE
20003338,UPDATE
20003341,UPDATE
20003346,UPDATE
20003351,UPDATE
20003353,UPDATE
20003354,UPDATE
20003355,UPDATE
20003357,UPDATE
20003363,UPDATE
20003365,UPDATE
20003373,UPDATE
20003377,UPDATE
20003387,UPDATE
20003393,UPDATE
20003394,UPDATE
20003397,UPDATE
20003404,UPDATE
20003405,UPDATE
20003420,UPDATE
20003421,UPDATE
20003423,UPDATE
20003424,UPDATE
20003425,UPDATE
20003426,UPDATE
20003427,UPDATE
20003428,UPDATE
20003429,UPDATE
20003430,UPDATE
20003431,UPDATE
20003432,UPDATE
20003433,UPDATE
20003434,UPDATE
20003435,UPDATE
20003436,UPDATE
20003437,UPDATE
20003438,UPDATE
20003439,UPDATE
20003441,UPDATE
20003442,UPDATE
20003443,UPDATE
20003445,UPDATE
20003447,UPDATE
20003449,UPDATE
20003450,UPDATE
20003452,UPDATE
20003454,UPDATE
20003457,UPDATE
20003464,UPDATE
20003465,UPDATE
20003467,UPDATE
20003468,UPDATE
20003469,UPDATE
20003470,UPDATE
20003471,UPDATE
20003472,UPDATE
20003474,UPDATE
20003475,UPDATE
20003476,UPDATE
20003485,UPDATE
20003486,UPDATE
20003491,UPDATE
20003492,UPDATE
20003493,UPDATE
20003494,UPDATE
20003495,UPDATE
20003496,UPDATE
20003497,UPDATE
20003498,UPDATE
20003499,UPDATE
20003504,UPDATE
20003508,UPDATE
20003509,UPDATE
20003510,UPDATE
20003511,UPDATE
20003513,UPDATE
20003514,UPDATE
20003515,UPDATE
20003517,UPDATE
20003518,UPDATE
20003519,UPDATE
20003522,UPDATE
20003523,UPDATE
20003524,UPDATE
20003525,UPDATE
20003526,UPDATE
20003527,UPDATE
20003528,UPDATE
20003529,UPDATE
20003532,UPDATE
20003543,UPDATE
20003545,UPDATE
20003546,UPDATE
20003547,UPDATE
20003550,UPDATE
20003551,UPDATE
20003552,UPDATE
20003553,UPDATE
20003559,UPDATE
20003562,UPDATE
20003563,UPDATE
20003565,UPDATE
20003566,UPDATE
20003567,UPDATE
20003568,UPDATE
20003569,UPDATE
20003570,UPDATE
20003571,UPDATE
20004002,UPDATE
20004009,UPDATE
20004013,UPDATE
20004016,UPDATE
20004100,UPDATE
20004101,UPDATE
20004102,UPDATE
20004103,UPDATE
20004105,UPDATE
20004106,UPDATE
20004107,UPDATE
20004114,UPDATE
20004115,UPDATE
20004116,UPDATE
20004117,UPDATE
20004118,UPDATE
20004126,UPDATE
20004127,UPDATE
20004131,UPDATE
20004134,UPDATE
20004135,UPDATE
20004140,UPDATE
20004141,UPDATE
20004142,UPDATE
20004143,UPDATE
20004145,UPDATE
20004151,UPDATE
20004152,UPDATE
20004153,UPDATE
20004154,UPDATE
20004155,UPDATE
20004156,UPDATE
20004157,UPDATE
20004158,UPDATE
20004159,UPDATE
20004160,UPDATE
20004161,UPDATE
20004162,UPDATE
20004163,UPDATE
20004164,UPDATE
20004165,UPDATE
20004166,UPDATE
20004167,UPDATE
20004168,UPDATE
20004169,UPDATE
20004170,UPDATE
20004171,UPDATE
20004172,UPDATE
20004173,UPDATE
20004174,UPDATE
20004176,UPDATE
20004177,UPDATE
20004178,UPDATE
20004179,UPDATE
20004180,UPDATE
20004183,UPDATE
20004184,UPDATE
20004186,UPDATE
20004189,UPDATE
20004190,UPDATE
20004199,UPDATE
20004200,UPDATE
20004201,UPDATE
20004207,UPDATE
20004208,UPDATE
20004210,UPDATE
20004211,UPDATE
20004212,UPDATE
20004213,UPDATE
20004214,UPDATE
20004215,UPDATE
20004216,UPDATE
20004217,UPDATE
20004218,UPDATE
20004504,UPDATE
20004505,UPDATE
20004512,UPDATE
20004514,UPDATE
20004519,UPDATE
20004520,UPDATE
20004528,UPDATE
20004529,UPDATE
20004530,UPDATE
20004532,UPDATE
20004533,UPDATE
20004539,UPDATE
20004541,UPDATE
20004542,UPDATE
20004544,UPDATE
20004545,UPDATE
20004546,UPDATE
20004547,UPDATE
20004549,UPDATE
20004552,UPDATE
20004553,UPDATE
20004557,UPDATE
20004558,UPDATE
20004559,UPDATE
20004560,UPDATE
20004561,UPDATE
20004563,UPDATE
20004564,UPDATE
20004565,UPDATE
20004566,UPDATE
20004567,UPDATE
20004568,UPDATE
20004571,UPDATE
20004572,UPDATE
20004573,UPDATE
20004576,UPDATE
20004578,UPDATE
20004583,UPDATE
20004588,UPDATE
20004589,UPDATE
20004590,UPDATE
20004591,UPDATE
20004593,UPDATE
20004594,UPDATE
20004596,UPDATE
20004600,UPDATE
20004603,UPDATE
20004604,UPDATE
20004605,UPDATE
20004609,UPDATE
20005001,UPDATE
20005002,UPDATE
20005003,UPDATE
20005007,UPDATE
20005008,UPDATE
20005009,UPDATE
20005010,UPDATE
20005011,UPDATE
20005012,UPDATE
20005013,UPDATE
20005015,UPDATE
20005016,UPDATE
20005017,UPDATE
20005018,UPDATE
20005021,UPDATE
20005022,UPDATE
20005023,UPDATE
20005032,UPDATE
20005036,UPDATE
20005037,UPDATE
20005039,UPDATE
20005041,UPDATE
20005044,UPDATE
20005045,UPDATE
20005046,UPDATE
20005056,UPDATE
20005085,UPDATE
20005086,UPDATE
20005087,UPDATE
20005088,UPDATE
20005089,UPDATE
20005090,UPDATE
20005094,UPDATE
20006002,UPDATE
20006003,UPDATE
20006005,UPDATE
20006016,UPDATE
20006029,UPDATE
20006035,UPDATE
20006049,UPDATE
20006050,UPDATE
20006052,UPDATE
20006054,UPDATE
20006055,UPDATE
20006057,UPDATE
20006058,UPDATE
20006060,UPDATE
20006061,UPDATE
20006062,UPDATE
20006066,UPDATE
20006070,UPDATE
20006074,UPDATE
20006076,UPDATE
20006077,UPDATE
20006078,UPDATE
20006085,UPDATE
20006090,UPDATE
20006092,UPDATE
20006093,UPDATE
20006094,UPDATE
20006095,UPDATE
20006099,UPDATE
20006100,UPDATE
20006101,UPDATE
20006102,UPDATE
20006105,UPDATE
20006552,UPDATE
20006553,UPDATE
20006554,UPDATE
20006555,UPDATE
20006556,UPDATE
20006557,UPDATE
20006559,UPDATE
20006560,UPDATE
20006561,UPDATE
20006601,UPDATE
20006602,UPDATE
20006610,UPDATE
20006621,UPDATE
20006624,UPDATE
20006627,UPDATE
20006900,UPDATE
20006901,UPDATE
20006905,UPDATE
20006906,UPDATE
20006911,UPDATE
20006914,UPDATE
20006915,UPDATE
20006918,UPDATE
20006919,UPDATE
20006936,UPDATE
20006937,UPDATE
20006938,UPDATE
20006944,UPDATE
20006946,UPDATE
20006948,UPDATE
20006949,UPDATE
20006957,UPDATE
20006958,UPDATE
20006961,UPDATE
20006972,UPDATE
20006977,UPDATE
20006978,UPDATE
20006979,UPDATE
20006990,UPDATE
20007008,UPDATE
20007017,UPDATE
20007019,UPDATE
20007022,UPDATE
20007025,UPDATE
20007034,UPDATE
20007038,UPDATE
20007046,UPDATE
20007047,UPDATE
20007048,UPDATE
20007049,UPDATE
20007050,UPDATE
20007057,UPDATE
20007059,UPDATE
20007062,UPDATE
20007066,UPDATE
20007067,UPDATE
20007068,UPDATE
20007069,UPDATE
20007070,UPDATE
20007072,UPDATE
20007073,UPDATE
20007074,UPDATE
20007075,UPDATE
20007079,UPDATE
20007080,UPDATE
20007088,UPDATE
20007089,UPDATE
20007091,UPDATE
20007092,UPDATE
20007094,UPDATE
20007095,UPDATE
20007097,UPDATE
20007102,UPDATE
20007107,UPDATE
20007117,UPDATE
20007118,UPDATE
20007138,UPDATE
20007139,UPDATE
20007140,UPDATE
20007152,UPDATE
20007153,UPDATE
20007154,UPDATE
20007155,UPDATE
20007156,UPDATE
20007203,UPDATE
20007204,UPDATE
20007218,UPDATE
20007219,UPDATE
20007223,UPDATE
20007224,UPDATE
20007225,UPDATE
20007228,UPDATE
20007229,UPDATE
20007250,UPDATE
20007251,UPDATE
20007253,UPDATE
20007259,UPDATE
20007260,UPDATE
20007261,UPDATE
20007262,UPDATE
20007263,UPDATE
20007274,UPDATE
20007275,UPDATE
20007285,UPDATE
20007287,UPDATE
20007288,UPDATE
20007289,UPDATE
20007291,UPDATE
20007292,UPDATE
20007293,UPDATE
20007295,UPDATE
20007310,UPDATE
20007311,UPDATE
20007312,UPDATE
20007313,UPDATE
20007314,UPDATE
20007328,UPDATE
20007329,UPDATE
20007331,UPDATE
20007334,UPDATE
20007336,UPDATE
20007348,UPDATE
20007352,UPDATE
20007353,UPDATE
20007363,UPDATE
20007364,UPDATE
20007365,UPDATE
20007375,UPDATE
20007390,UPDATE
20007395,UPDATE
20007399,UPDATE
20007401,UPDATE
20007402,UPDATE
20007405,UPDATE
20007408,UPDATE
20007409,UPDATE
20007412,UPDATE
20007415,UPDATE
20007429,UPDATE
20007435,UPDATE
20007437,UPDATE
20007448,UPDATE
20007449,UPDATE
20007450,UPDATE
20007451,UPDATE
20007464,UPDATE
20007465,UPDATE
20007470,UPDATE
20007471,UPDATE
20007472,UPDATE
20007473,UPDATE
20007481,UPDATE
20007482,UPDATE
20007525,UPDATE
20007535,UPDATE
20007536,UPDATE
20007537,UPDATE
20007539,UPDATE
20007541,UPDATE
20007542,UPDATE
20007543,UPDATE
20007558,UPDATE
20007561,UPDATE
20007562,UPDATE
20007563,UPDATE
20007564,UPDATE
20007565,UPDATE
20007566,UPDATE
20007567,UPDATE
20007568,UPDATE
20007569,UPDATE
20007570,UPDATE
20007571,UPDATE
20007572,UPDATE
20007574,UPDATE
20007576,UPDATE
20007577,UPDATE
20007583,UPDATE
20007587,UPDATE
20007588,UPDATE
20007589,UPDATE
20007590,UPDATE
20007591,UPDATE
20007592,UPDATE
20007593,UPDATE
20007612,UPDATE
20007617,UPDATE
20007618,UPDATE
20007619,UPDATE
20007620,UPDATE
20007622,UPDATE
20007623,UPDATE
20007627,UPDATE
20007628,UPDATE
20007652,UPDATE
20007653,UPDATE
20007654,UPDATE
20007656,UPDATE
20007658,UPDATE
20007670,UPDATE
20007671,UPDATE
20007672,UPDATE
20007673,UPDATE
20007674,UPDATE
20007675,UPDATE
20007676,UPDATE
20007677,UPDATE
20007678,UPDATE
20007679,UPDATE
20007680,UPDATE
20007681,UPDATE
20007682,UPDATE
20007683,UPDATE
20007685,UPDATE
20007686,UPDATE
20007687,UPDATE
20007688,UPDATE
20007689,UPDATE
20007690,UPDATE
20007691,UPDATE
20007692,UPDATE
20007693,UPDATE
20007694,UPDATE
20007695,UPDATE
20007696,UPDATE
20007697,UPDATE
20007698,UPDATE
20007708,UPDATE
20007709,UPDATE
20007712,UPDATE
20007713,UPDATE
20007714,UPDATE
20007715,UPDATE
20007716,UPDATE
20007719,UPDATE
20007724,UPDATE
20007726,UPDATE
20007736,UPDATE
20007740,UPDATE
20007744,UPDATE
20007753,UPDATE
20007758,UPDATE
20007761,UPDATE
20007762,UPDATE
20007780,UPDATE
20007788,UPDATE
20007809,UPDATE
20007810,UPDATE
20007811,UPDATE
20007817,UPDATE
20007819,UPDATE
20007823,UPDATE
20007835,UPDATE
20007851,UPDATE
20007863,UPDATE
20007864,UPDATE
20007872,UPDATE
20007874,UPDATE
20007875,UPDATE
20007876,UPDATE
20007877,UPDATE
20007878,UPDATE
20007879,UPDATE
20007886,UPDATE
20007949,UPDATE
20007951,UPDATE
20007955,UPDATE
20007984,UPDATE
20008020,UPDATE
20008023,UPDATE
20008024,UPDATE
20008050,UPDATE
20008051,UPDATE
20008083,UPDATE
20008085,UPDATE
20008089,UPDATE
20008090,UPDATE
20008091,UPDATE
20008096,UPDATE
20008097,UPDATE
20008100,UPDATE
20008116,UPDATE
20008117,UPDATE
20008118,UPDATE
20008119,UPDATE
20008124,UPDATE
20008125,UPDATE
20008126,UPDATE
20008127,UPDATE
20008128,UPDATE
20008129,UPDATE
20008144,UPDATE
20008149,UPDATE
20008182,UPDATE
20008188,UPDATE
20008189,UPDATE
20008192,UPDATE
20008215,UPDATE
20008216,UPDATE
20008217,UPDATE
20008220,UPDATE
20008221,UPDATE
20008222,UPDATE
20008223,UPDATE
20008225,UPDATE
20008226,UPDATE
20008227,UPDATE
20008229,UPDATE
20008230,UPDATE
20008231,UPDATE
20008232,UPDATE
20008233,UPDATE
20008249,UPDATE
20008251,UPDATE
20008252,UPDATE
20008253,UPDATE
20008254,UPDATE
20008255,UPDATE
20008256,UPDATE
20008257,UPDATE
20008258,UPDATE
20008259,UPDATE
20008260,UPDATE
20008261,UPDATE
20008262,UPDATE
20008263,UPDATE
20008264,UPDATE
20008271,UPDATE
20008272,UPDATE
20008273,UPDATE
20008277,UPDATE
20008278,UPDATE
20008279,UPDATE
20008284,UPDATE
20008287,UPDATE
20008288,UPDATE
20008289,UPDATE
20008290,UPDATE
20008291,UPDATE
20008292,UPDATE
20008293,UPDATE
20008294,UPDATE
20008295,UPDATE
20008314,UPDATE
20008315,UPDATE
20008316,UPDATE
20008317,UPDATE
20008318,UPDATE
20008319,UPDATE
20008320,UPDATE
20008321,UPDATE
20008330,UPDATE
20008331,UPDATE
20008332,UPDATE
20008333,UPDATE
20008338,UPDATE
20008339,UPDATE
20008340,UPDATE
20008341,UPDATE
20008380,UPDATE
20008381,UPDATE
20008382,UPDATE
20008387,UPDATE
20008388,UPDATE
20008413,UPDATE
20008423,UPDATE
20008428,UPDATE
20008430,UPDATE
20008446,UPDATE
20008479,UPDATE
20008513,UPDATE
20008514,UPDATE
20008515,UPDATE
20008521,UPDATE
20008525,UPDATE
20008526,UPDATE
20008527,UPDATE
20008529,UPDATE
20008596,UPDATE
20008644,UPDATE
20008711,UPDATE
20008743,UPDATE
20008776,UPDATE
20008783,UPDATE
20008787,UPDATE
20008814,UPDATE
20008822,UPDATE
20008832,UPDATE
20008856,UPDATE
20008866,UPDATE
20008983,UPDATE
20009019,UPDATE
20009073,UPDATE
20009074,UPDATE
20009112,UPDATE
20009114,UPDATE
20009117,UPDATE
20009119,UPDATE
20009128,UPDATE
20009132,UPDATE
20009134,UPDATE
20009140,UPDATE
20009176,UPDATE
20009182,UPDATE
20009183,UPDATE
20009184,UPDATE
20009185,UPDATE
20009187,UPDATE
20009205,UPDATE
20009238,UPDATE
20009272,UPDATE
20009273,UPDATE
20009274,UPDATE
20009312,UPDATE
20009314,UPDATE
20009315,UPDATE
20009338,UPDATE
20009370,UPDATE
20009376,UPDATE
20009406,UPDATE
20009407,UPDATE
20009412,UPDATE
20009413,UPDATE
20009416,UPDATE
20009418,UPDATE
20009420,UPDATE
20009421,UPDATE
20009436,UPDATE
20009470,UPDATE
20009503,UPDATE
20009504,UPDATE
20009505,UPDATE
20009506,UPDATE
20009536,UPDATE
20009539,UPDATE
20009568,UPDATE
20009602,UPDATE
20009634,UPDATE
20009667,UPDATE
20009668,UPDATE
20009669,UPDATE
20009670,UPDATE
20009674,UPDATE
20009675,UPDATE
20009676,UPDATE
20009700,UPDATE
20009733,UPDATE
20009736,UPDATE
20009766,UPDATE
20009799,UPDATE
20009804,UPDATE
20009805,UPDATE
20009809,UPDATE
20009810,UPDATE
20009832,UPDATE
20009865,UPDATE
20009868,UPDATE
20009870,UPDATE
20009898,UPDATE
20009901,UPDATE
20009903,UPDATE
20009904,UPDATE
20009931,UPDATE
20009966,UPDATE
20009967,UPDATE
20009972,UPDATE
20009974,UPDATE
20009975,UPDATE
20009976,UPDATE
20009977,UPDATE
20009978,UPDATE
20009979,UPDATE
20010003,UPDATE
20010007,UPDATE
20010030,UPDATE
20010034,UPDATE
20010063,UPDATE
20010064,UPDATE
20010065,UPDATE
20010066,UPDATE
20010067,UPDATE
20010098,UPDATE
20010099,UPDATE
20010130,UPDATE
20010132,UPDATE
20010135,UPDATE
20010163,UPDATE
20010164,UPDATE
20010195,UPDATE
20010231,UPDATE
20010245,UPDATE
20010246,UPDATE
20010247,UPDATE
20010261,UPDATE
20010264,UPDATE
20010271,UPDATE
20010272,UPDATE
20010276,UPDATE
20010277,UPDATE
20010278,UPDATE
20010300,UPDATE
20010301,UPDATE
20010302,UPDATE
20010308,UPDATE
20010309,UPDATE
20010310,UPDATE
20010312,UPDATE
20010327,UPDATE
20010360,UPDATE
20010361,UPDATE
20010362,UPDATE
20010393,UPDATE
20010394,UPDATE
20010395,UPDATE
20010400,UPDATE
20010401,UPDATE
20010403,UPDATE
20010412,UPDATE
20010413,UPDATE
20010421,UPDATE
20010425,UPDATE
20010426,UPDATE
20010431,UPDATE
20010432,UPDATE
20010446,UPDATE
20010447,UPDATE
20010449,UPDATE
20010450,UPDATE
20010463,UPDATE
20010466,UPDATE
20010467,UPDATE
20010526,UPDATE
20010530,UPDATE
20010574,UPDATE
20010579,UPDATE
20010587,UPDATE
20010616,UPDATE
20010625,UPDATE
20010662,UPDATE
20010663,UPDATE
20010665,UPDATE
20010669,UPDATE
20010671,UPDATE
20010674,UPDATE
20010676,UPDATE
20010690,UPDATE
20010694,UPDATE
20010695,UPDATE
20010720,UPDATE
20010762,UPDATE
20010771,UPDATE
20010773,UPDATE
20010781,UPDATE
20010789,UPDATE
20010824,UPDATE
20010825,UPDATE
20010903,UPDATE
20010917,UPDATE
20010993,UPDATE
20011017,UPDATE
20011020,UPDATE
20011048,UPDATE
20011059,UPDATE
20011060,UPDATE
20011061,UPDATE
20011062,UPDATE
20011063,UPDATE
20011064,UPDATE
20011065,UPDATE
20011066,UPDATE
20011068,UPDATE
20011082,UPDATE
20011097,UPDATE
20011123,UPDATE
20011124,UPDATE
20011133,UPDATE
20011137,UPDATE
20011139,UPDATE
20011163,UPDATE
20011195,UPDATE
20011197,UPDATE
20011200,UPDATE
20011204,UPDATE
20011210,UPDATE
20011235,UPDATE
20011237,UPDATE
20011238,UPDATE
20011239,UPDATE
20011240,UPDATE
20011241,UPDATE
20011242,UPDATE
20011243,UPDATE
20011244,UPDATE
20011246,UPDATE
20011247,UPDATE
20011259,UPDATE
20011260,UPDATE
20011261,UPDATE
20011262,UPDATE
20011263,UPDATE
20011264,UPDATE
20011265,UPDATE
20011266,UPDATE
20011267,UPDATE
20011277,UPDATE
20011278,UPDATE
20011279,UPDATE
20011281,UPDATE
20011282,UPDATE
20011289,UPDATE
20011305,UPDATE
20011308,UPDATE
20011318,UPDATE
20011333,UPDATE
20011343,UPDATE
20011344,UPDATE
20011347,UPDATE
20011348,UPDATE
20011349,UPDATE
20011350,UPDATE
20011351,UPDATE
20011352,UPDATE
20011368,UPDATE
20011369,UPDATE
20011371,UPDATE
20011376,UPDATE
20011384,UPDATE
20011395,UPDATE
20011419,UPDATE
20011474,UPDATE
20011476,UPDATE
20011479,UPDATE
20011481,UPDATE
20011485,UPDATE
20011486,UPDATE
20011487,UPDATE
20011491,UPDATE
20011498,UPDATE
20011499,UPDATE
20011505,UPDATE
20011521,UPDATE
20011536,UPDATE
20011544,UPDATE
20011547,UPDATE
20011567,UPDATE
20011569,UPDATE
20011571,UPDATE
20011572,UPDATE
20011573,UPDATE
20011574,UPDATE
20011588,UPDATE
20011589,UPDATE
20011591,UPDATE
20011592,UPDATE
20011599,UPDATE
20011612,UPDATE
20011613,UPDATE
20011614,UPDATE
20011615,UPDATE
20011616,UPDATE
20011617,UPDATE
20011618,UPDATE
20011619,UPDATE
20011620,UPDATE
20011621,UPDATE
20011622,UPDATE
20011623,UPDATE
20011624,UPDATE
20011625,UPDATE
20011626,UPDATE
20011628,UPDATE
20011631,UPDATE
20011642,UPDATE
20011646,UPDATE
20011680,UPDATE
20011681,UPDATE
20011683,UPDATE
20011684,UPDATE
20011685,UPDATE
20011686,UPDATE
20011688,UPDATE
20011691,UPDATE
20011693,UPDATE
20011698,UPDATE
20011704,UPDATE
20011705,UPDATE
20011720,UPDATE
20011727,UPDATE
20011728,UPDATE
20011729,UPDATE
20011779,UPDATE
20011781,UPDATE
20011812,UPDATE
20011845,UPDATE
20011878,UPDATE
20011946,UPDATE
20011947,UPDATE
20011948,UPDATE
20011949,UPDATE
20011950,UPDATE
20011951,UPDATE
20011952,UPDATE
20011954,UPDATE
20011955,UPDATE
20011956,UPDATE
20011957,UPDATE
20011958,UPDATE
20011959,UPDATE
20011960,UPDATE
20011961,UPDATE
20011977,UPDATE
20011978,UPDATE
20011979,UPDATE
20011980,UPDATE
20011981,UPDATE
20011982,UPDATE
20011983,UPDATE
20011984,UPDATE
20011985,UPDATE
20011986,UPDATE
20011987,UPDATE
20011988,UPDATE
20011989,UPDATE
20011991,UPDATE
20011992,UPDATE
20012010,UPDATE
20012011,UPDATE
20012012,UPDATE
20012013,UPDATE
20012014,UPDATE
20012015,UPDATE
20012043,UPDATE
20012044,UPDATE
20012045,UPDATE
20012046,UPDATE
20012047,UPDATE
20012049,UPDATE
20012050,UPDATE
20012051,UPDATE
20012052,UPDATE
20012053,UPDATE
20012054,UPDATE
20012055,UPDATE
20012056,UPDATE
20012057,UPDATE
20012058,UPDATE
20012059,UPDATE
20012060,UPDATE
20012061,UPDATE
20012062,UPDATE
20012063,UPDATE
20012064,UPDATE
20012065,UPDATE
20012066,UPDATE
20012068,UPDATE
20012069,UPDATE
20012070,UPDATE
20012071,UPDATE
20012072,UPDATE
20012073,UPDATE
20012074,UPDATE
20012075,UPDATE
20012076,UPDATE
20012077,UPDATE
20012078,UPDATE
20012079,UPDATE
20012080,UPDATE
20012081,UPDATE
20012082,UPDATE
20012083,UPDATE
20012084,UPDATE
20012085,UPDATE
20012086,UPDATE
20012087,UPDATE
20012089,UPDATE
20012090,UPDATE
20012091,UPDATE
20012092,UPDATE
20012093,UPDATE
20012094,UPDATE
20012095,UPDATE
20012096,UPDATE
20012098,UPDATE
20012109,UPDATE
20012110,UPDATE
20012111,UPDATE
20012112,UPDATE
20012113,UPDATE
20012114,UPDATE
20012115,UPDATE
20012116,UPDATE
20012117,UPDATE
20012118,UPDATE
20012119,UPDATE
20012120,UPDATE
20012121,UPDATE
20012122,UPDATE
20012123,UPDATE
20012124,UPDATE
20012125,UPDATE
20012126,UPDATE
20012127,UPDATE
20012128,UPDATE
20012129,UPDATE
20012131,UPDATE
20012134,UPDATE
20012135,UPDATE
20012136,UPDATE
20012140,UPDATE
20012141,UPDATE
20012142,UPDATE
20012176,UPDATE
20012208,UPDATE
20012209,UPDATE
20012210,UPDATE
20012241,UPDATE
20012242,UPDATE
20012244,UPDATE
20012245,UPDATE
20012246,UPDATE
20012247,UPDATE
20012248,UPDATE
20012249,UPDATE
20012250,UPDATE
20012251,UPDATE
20012252,UPDATE
20012253,UPDATE
20012255,UPDATE
20012257,UPDATE
20012258,UPDATE
20012259,UPDATE
20012274,UPDATE
20012275,UPDATE
20012276,UPDATE
20012279,UPDATE
20012280,UPDATE
20012281,UPDATE
20012282,UPDATE
20012283,UPDATE
20012284,UPDATE
20012285,UPDATE
20012286,UPDATE
20012287,UPDATE
20012288,UPDATE
20012289,UPDATE
20012307,UPDATE
20012308,UPDATE
20012309,UPDATE
20012310,UPDATE
20012311,UPDATE
20012312,UPDATE
20012315,UPDATE
20012316,UPDATE
20012317,UPDATE
20012318,UPDATE
20012319,UPDATE
20012320,UPDATE
20012321,UPDATE
20012340,UPDATE
20012341,UPDATE
20012342,UPDATE
20012343,UPDATE
20012344,UPDATE
20012345,UPDATE
20012346,UPDATE
20012347,UPDATE
20012348,UPDATE
20012350,UPDATE
20012351,UPDATE
20012352,UPDATE
20012353,UPDATE
20012354,UPDATE
20012355,UPDATE
20012356,UPDATE
20012357,UPDATE
20012358,UPDATE
20012359,UPDATE
20012360,UPDATE
20012361,UPDATE
20012373,UPDATE
20012374,UPDATE
20012375,UPDATE
20012376,UPDATE
20012378,UPDATE
20012379,UPDATE
20012380,UPDATE
20012381,UPDATE
20012382,UPDATE
20012383,UPDATE
20012384,UPDATE
20012385,UPDATE
20012386,UPDATE
20012387,UPDATE
20012388,UPDATE
20012390,UPDATE
20012391,UPDATE
20012392,UPDATE
20012393,UPDATE
20012394,UPDATE
20012395,UPDATE
20012396,UPDATE
20012397,UPDATE
20012398,UPDATE
20012399,UPDATE
20012400,UPDATE
20012401,UPDATE
20012402,UPDATE
20012406,UPDATE
20012407,UPDATE
20012408,UPDATE
20012409,UPDATE
20012410,UPDATE
20012411,UPDATE
20012412,UPDATE
20012413,UPDATE
20012415,UPDATE
20012416,UPDATE
20012417,UPDATE
20012418,UPDATE
20012419,UPDATE
20012420,UPDATE
20012421,UPDATE
20012422,UPDATE
20012423,UPDATE
20012424,UPDATE
20012425,UPDATE
20012426,UPDATE
20012427,UPDATE
20012428,UPDATE
20012429,UPDATE
20012430,UPDATE
20012432,UPDATE
20012434,UPDATE
20012436,UPDATE
20012437,UPDATE
20012438,UPDATE
20012439,UPDATE
20012440,UPDATE
20012441,UPDATE
20012443,UPDATE
20012444,UPDATE
20012445,UPDATE
20012472,UPDATE
20012473,UPDATE
20012474,UPDATE
20012475,UPDATE
20012476,UPDATE
20012477,UPDATE
20012478,UPDATE
20012479,UPDATE
20012480,UPDATE
20012481,UPDATE
20012482,UPDATE
20012483,UPDATE
20012484,UPDATE
20012485,UPDATE
20012487,UPDATE
20012488,UPDATE
20012489,UPDATE
20012490,UPDATE
20012491,UPDATE
20012492,UPDATE
20012493,UPDATE
20012494,UPDATE
20012495,UPDATE
20012496,UPDATE
20012497,UPDATE
20012498,UPDATE
20012506,UPDATE
20012507,UPDATE
20012538,UPDATE
20012539,UPDATE
20012540,UPDATE
20012571,UPDATE
20012572,UPDATE
20012574,UPDATE
20012575,UPDATE
20012576,UPDATE
20012604,UPDATE
20012606,UPDATE
20012637,UPDATE
20012638,UPDATE
20012639,UPDATE
20012640,UPDATE
20012641,UPDATE
20012642,UPDATE
20012643,UPDATE
20012644,UPDATE
20012645,UPDATE
20012646,UPDATE
20012647,UPDATE
20012670,UPDATE
20012671,UPDATE
20012672,UPDATE
20012703,UPDATE
20012704,UPDATE
20012705,UPDATE
20012706,UPDATE
20012707,UPDATE
20012708,UPDATE
20012709,UPDATE
20012710,UPDATE
20012711,UPDATE
20012712,UPDATE
20012713,UPDATE
20012714,UPDATE
20012715,UPDATE
20012716,UPDATE
20012717,UPDATE
20012718,UPDATE
20012719,UPDATE
20012720,UPDATE
20012736,UPDATE
20012737,UPDATE
20012769,UPDATE
20012770,UPDATE
20012771,UPDATE
20012772,UPDATE
20012773,UPDATE
20012774,UPDATE
20012775,UPDATE
20012776,UPDATE
20012777,UPDATE
20012778,UPDATE
20012779,UPDATE
20012780,UPDATE
20012781,UPDATE
20012782,UPDATE
20012802,UPDATE
20012803,UPDATE
20012804,UPDATE
20012805,UPDATE
20012806,UPDATE
20012807,UPDATE
20012808,UPDATE
20012809,UPDATE
20012810,UPDATE
20012811,UPDATE
20012812,UPDATE
20012813,UPDATE
20012814,UPDATE
20012815,UPDATE
20012816,UPDATE
20012817,UPDATE
20012818,UPDATE
20012819,UPDATE
20012820,UPDATE
20012835,UPDATE
20012836,UPDATE
20012837,UPDATE
20012838,UPDATE
20012839,UPDATE
20012840,UPDATE
20012841,UPDATE
20012842,UPDATE
20012868,UPDATE
20012869,UPDATE
20012870,UPDATE
20012871,UPDATE
20012872,UPDATE
20012873,UPDATE
20012874,UPDATE
20012875,UPDATE
20012876,UPDATE
20012877,UPDATE
20012878,UPDATE
20012879,UPDATE
20012880,UPDATE
20012881,UPDATE
20012882,UPDATE
20012883,UPDATE
20012884,UPDATE
20012887,UPDATE
20012890,UPDATE
20012892,UPDATE
20012901,UPDATE
20012902,UPDATE
20012903,UPDATE
20012904,UPDATE
20012905,UPDATE
20012906,UPDATE
20012907,UPDATE
20012908,UPDATE
20012910,UPDATE
20012911,UPDATE
20012934,UPDATE
20012935,UPDATE
20012936,UPDATE
20012937,UPDATE
20012938,UPDATE
20012939,UPDATE
20012940,UPDATE
20012941,UPDATE
20012943,UPDATE
20012944,UPDATE
20012945,UPDATE
20012946,UPDATE
20012947,UPDATE
20012948,UPDATE
20012949,UPDATE
20012950,UPDATE
20012951,UPDATE
20012952,UPDATE
20012953,UPDATE
20012954,UPDATE
20012956,UPDATE
20012957,UPDATE
20012958,UPDATE
20012959,UPDATE
20012960,UPDATE
20012961,UPDATE
20012962,UPDATE
20012963,UPDATE
20012964,UPDATE
20012965,UPDATE
20012966,UPDATE
20012967,UPDATE
20012968,UPDATE
20012969,UPDATE
20012970,UPDATE
20012971,UPDATE
20012972,UPDATE
20012973,UPDATE
20012974,UPDATE
20012975,UPDATE
20012976,UPDATE
20012977,UPDATE
20012978,UPDATE
20012980,UPDATE
20012981,UPDATE
20012982,UPDATE
20012983,UPDATE
20012984,UPDATE
20012985,UPDATE
20012986,UPDATE
20012987,UPDATE
20012988,UPDATE
20012989,UPDATE
20012990,UPDATE
20012991,UPDATE
20012992,UPDATE
20012993,UPDATE
20012994,UPDATE
20012995,UPDATE
20012996,UPDATE
20012997,UPDATE
20012998,UPDATE
20012999,UPDATE
20013000,UPDATE
20013003,UPDATE
20013004,UPDATE
20013005,UPDATE
20013006,UPDATE
20013007,UPDATE
20013008,UPDATE
20013009,UPDATE
20013010,UPDATE
20013011,UPDATE
20013014,UPDATE
20013015,UPDATE
20013016,UPDATE
20013017,UPDATE
20013018,UPDATE
20013020,UPDATE
20013021,UPDATE
20013022,UPDATE
20013024,UPDATE
20013025,UPDATE
20013026,UPDATE
20013027,UPDATE
20013028,UPDATE
20013029,UPDATE
20013030,UPDATE
20013032,UPDATE
20013033,UPDATE
20013034,UPDATE
20013035,UPDATE
20013036,UPDATE
20013037,UPDATE
20013038,UPDATE
20013039,UPDATE
20013040,UPDATE
20013041,UPDATE
20013042,UPDATE
20013043,UPDATE
20013044,UPDATE
20013045,UPDATE
20013046,UPDATE
20013047,UPDATE
20013048,UPDATE
20013049,UPDATE
20013050,UPDATE
20013051,UPDATE
20013052,UPDATE
20013053,UPDATE
20013054,UPDATE
20013055,UPDATE
20013056,UPDATE
20013057,UPDATE
20013058,UPDATE
20013059,UPDATE
20013060,UPDATE
20013061,UPDATE
20013066,UPDATE
20013099,UPDATE
20013132,UPDATE
20013133,UPDATE
20013134,UPDATE
20013165,UPDATE
20013166,UPDATE
20013167,UPDATE
20013192,UPDATE
20013193,UPDATE
20013194,UPDATE
20013195,UPDATE
20013199,UPDATE
20013200,UPDATE
20013201,UPDATE
20013202,UPDATE
20013203,UPDATE
20013204,UPDATE
20013205,UPDATE
20013206,UPDATE
20013207,UPDATE
20013208,UPDATE
20013209,UPDATE
20013210,UPDATE
20013231,UPDATE
20013232,UPDATE
20013233,UPDATE
20013234,UPDATE
20013235,UPDATE
20013236,UPDATE
20013237,UPDATE
20013238,UPDATE
20013239,UPDATE
20013297,UPDATE
20013298,UPDATE
20013330,UPDATE
20013363,UPDATE
20013396,UPDATE
20013429,UPDATE
20013462,UPDATE
20013463,UPDATE
20013464,UPDATE
20013465,UPDATE
20013466,UPDATE
20013467,UPDATE
20013495,UPDATE
20013528,UPDATE
20013529,UPDATE
20013561,UPDATE
20013562,UPDATE
20013563,UPDATE
20013594,UPDATE
20013628,UPDATE
20013663,UPDATE
20013664,UPDATE
20013693,UPDATE
20013694,UPDATE
20013695,UPDATE
20013696,UPDATE
20013697,UPDATE
20013698,UPDATE
20013699,UPDATE
20013702,UPDATE
20013703,UPDATE
20013704,UPDATE
20013705,UPDATE
20013706,UPDATE
20013707,UPDATE
20013708,UPDATE
20013709,UPDATE
20013710,UPDATE
20013711,UPDATE
20013712,UPDATE
20013713,UPDATE
20013714,UPDATE
20013715,UPDATE
20013716,UPDATE
20013717,UPDATE
20013718,UPDATE
20013719,UPDATE
20013721,UPDATE
20013722,UPDATE
20013723,UPDATE
20013724,UPDATE
20013725,UPDATE
20013726,UPDATE
20013727,UPDATE
20013728,UPDATE
20013729,UPDATE
20013730,UPDATE
20013731,UPDATE
20013732,UPDATE
20013733,UPDATE
20013734,UPDATE
20013735,UPDATE
20013736,UPDATE
20013737,UPDATE
20013739,UPDATE
20013740,UPDATE
20013741,UPDATE
20013742,UPDATE
20013743,UPDATE
20013744,UPDATE
20013745,UPDATE
20013746,UPDATE
20013747,UPDATE
20013748,UPDATE
20013749,UPDATE
20013750,UPDATE
20013751,UPDATE
20013752,UPDATE
20013753,UPDATE
20013754,UPDATE
20013755,UPDATE
20013756,UPDATE
20013757,UPDATE
20013758,UPDATE
20013759,UPDATE
20013760,UPDATE
20013761,UPDATE
20013762,UPDATE
20013763,UPDATE
20013765,UPDATE
20013766,UPDATE
20013767,UPDATE
20013768,UPDATE
20013769,UPDATE
20013770,UPDATE
20013771,UPDATE
20013772,UPDATE
20013773,UPDATE
20013774,UPDATE
20013792,UPDATE
20013793,UPDATE
20013794,UPDATE
20013795,UPDATE
20013796,UPDATE
20013797,UPDATE
20013798,UPDATE
20013799,UPDATE
20013800,UPDATE
20013801,UPDATE
20013802,UPDATE
20013803,UPDATE
20013805,UPDATE
20013806,UPDATE
20013807,UPDATE
20013810,UPDATE
20013811,UPDATE
20013812,UPDATE
20013813,UPDATE
20013814,UPDATE
20013816,UPDATE
20013817,UPDATE
20013818,UPDATE
20013825,UPDATE
20013826,UPDATE
20013827,UPDATE
20013828,UPDATE
20013829,UPDATE
20013830,UPDATE
20013831,UPDATE
20013832,UPDATE
20013833,UPDATE
20013834,UPDATE
20013835,UPDATE
20013836,UPDATE
20013837,UPDATE
20013838,UPDATE
20013839,UPDATE
20013842,UPDATE
20013843,UPDATE
20013858,UPDATE
20013859,UPDATE
20013860,UPDATE
20013861,UPDATE
20013862,UPDATE
20013863,UPDATE
20013864,UPDATE
20013865,UPDATE
20013866,UPDATE
20013867,UPDATE
20013868,UPDATE
20013869,UPDATE
20013870,UPDATE
20013891,UPDATE
20013924,UPDATE
20013925,UPDATE
20013926,UPDATE
20013927,UPDATE
20013957,UPDATE
20013958,UPDATE
20013959,UPDATE
20013960,UPDATE
20013961,UPDATE
20013962,UPDATE
20013963,UPDATE
20013964,UPDATE
20013965,UPDATE
20013966,UPDATE
20013967,UPDATE
20013968,UPDATE
20013969,UPDATE
20013970,UPDATE
20013971,UPDATE
20013972,UPDATE
20013973,UPDATE
20013974,UPDATE
20013975,UPDATE
20013976,UPDATE
20013977,UPDATE
20014023,UPDATE
20014056,UPDATE
20014057,UPDATE
20014058,UPDATE
20014059,UPDATE
20014060,UPDATE
20014061,UPDATE
20014062,UPDATE
20014063,UPDATE
20014064,UPDATE
20014065,UPDATE
20014066,UPDATE
20014067,UPDATE
20014068,UPDATE
20014069,UPDATE
20014070,UPDATE
20014071,UPDATE
20014072,UPDATE
20014089,UPDATE
20014090,UPDATE
20014091,UPDATE
20014092,UPDATE
20014093,UPDATE
20014094,UPDATE
20014095,UPDATE
20014096,UPDATE
20014097,UPDATE
20014122,UPDATE
20014123,UPDATE
20014124,UPDATE
20014125,UPDATE
20014126,UPDATE
20014127,UPDATE
20014128,UPDATE
20014129,UPDATE
20014130,UPDATE
20014131,UPDATE
20014132,UPDATE
20014133,UPDATE
20014134,UPDATE
20014135,UPDATE
20014136,UPDATE
20014137,UPDATE
20014138,UPDATE
20014139,UPDATE
20014140,UPDATE
20014141,UPDATE
20014142,UPDATE
20014143,UPDATE
20014144,UPDATE
20014145,UPDATE
20014147,UPDATE
20014148,UPDATE
20014149,UPDATE
20014150,UPDATE
20014151,UPDATE
20014152,UPDATE
20014153,UPDATE
20014154,UPDATE
20014155,UPDATE
20014156,UPDATE
20014157,UPDATE
20014158,UPDATE
20014159,UPDATE
20014160,UPDATE
20014161,UPDATE
20014162,UPDATE
20014163,UPDATE
20014164,UPDATE
20014165,UPDATE
20014166,UPDATE
20014167,UPDATE
20014168,UPDATE
20014188,UPDATE
20014189,UPDATE
20014190,UPDATE
20014191,UPDATE
20014192,UPDATE
20014193,UPDATE
20014194,UPDATE
20014195,UPDATE
20014196,UPDATE
20014197,UPDATE
20014198,UPDATE
20014199,UPDATE
20014200,UPDATE
20014201,UPDATE
20014202,UPDATE
20014203,UPDATE
20014204,UPDATE
20014205,UPDATE
20014210,UPDATE
20014211,UPDATE
20014212,UPDATE
20014213,UPDATE
20014214,UPDATE
20014215,UPDATE
20014222,UPDATE
20014223,UPDATE
20014224,UPDATE
20014225,UPDATE
20014226,UPDATE
20014227,UPDATE
20014231,UPDATE
20014232,UPDATE
20014233,UPDATE
20014235,UPDATE
20014236,UPDATE
20014237,UPDATE
20014240,UPDATE
20014241,UPDATE
20014244,UPDATE
20014245,UPDATE
20014246,UPDATE
20014247,UPDATE
20014248,UPDATE
20014249,UPDATE
20014250,UPDATE
20014251,UPDATE
20014252,UPDATE
20014253,UPDATE
20014254,UPDATE
20014256,UPDATE
20014257,UPDATE
20014258,UPDATE
20014259,UPDATE
20014287,UPDATE
20014289,UPDATE
20014290,UPDATE
20014291,UPDATE
20014292,UPDATE
20014293,UPDATE
20014294,UPDATE
20014295,UPDATE
20014296,UPDATE
20014297,UPDATE
20014298,UPDATE
20014299,UPDATE
20014300,UPDATE
20014301,UPDATE
20014304,UPDATE
20014305,UPDATE
20014306,UPDATE
20014307,UPDATE
20014308,UPDATE
20014309,UPDATE
20014310,UPDATE
20014311,UPDATE
20014313,UPDATE
20014320,UPDATE
20014321,UPDATE
20014322,UPDATE
20014323,UPDATE
20014324,UPDATE
20014326,UPDATE
20014327,UPDATE
20014328,UPDATE
20014329,UPDATE
20014330,UPDATE
20014331,UPDATE
20014332,UPDATE
20014333,UPDATE
20014334,UPDATE
20014335,UPDATE
20014336,UPDATE
20014337,UPDATE
20014338,UPDATE
20014339,UPDATE
20014340,UPDATE
20014341,UPDATE
20014342,UPDATE
20014343,UPDATE
20014344,UPDATE
20014345,UPDATE
20014346,UPDATE
20014347,UPDATE
20014348,UPDATE
20014349,UPDATE
20014350,UPDATE
20014353,UPDATE
20014354,UPDATE
20014355,UPDATE
20014356,UPDATE
20014386,UPDATE
20014419,UPDATE
20014452,UPDATE
20014453,UPDATE
20014454,UPDATE
20014455,UPDATE
20014456,UPDATE
20014457,UPDATE
20014459,UPDATE
20014460,UPDATE
20014461,UPDATE
20014463,UPDATE
20014464,UPDATE
20014465,UPDATE
20014485,UPDATE
20014486,UPDATE
20014487,UPDATE
20014488,UPDATE
20014489,UPDATE
20014490,UPDATE
20014491,UPDATE
20014492,UPDATE
20014493,UPDATE
20014494,UPDATE
20014495,UPDATE
20014496,UPDATE
20014497,UPDATE
20014498,UPDATE
20014518,UPDATE
20014520,UPDATE
20014522,UPDATE
20014524,UPDATE
20014525,UPDATE
20014526,UPDATE
20014527,UPDATE
20014528,UPDATE
20014529,UPDATE
20014530,UPDATE
20014531,UPDATE
20014532,UPDATE
20014533,UPDATE
20014534,UPDATE
20014535,UPDATE
20014536,UPDATE
20014537,UPDATE
20014538,UPDATE
20014539,UPDATE
20014540,UPDATE
20014541,UPDATE
20014542,UPDATE
20014543,UPDATE
20014544,UPDATE
20014545,UPDATE
20014546,UPDATE
20014548,UPDATE
20014549,UPDATE
20014550,UPDATE
20014551,UPDATE
20014552,UPDATE
20014553,UPDATE
20014584,UPDATE
20014585,UPDATE
20014617,UPDATE
20014618,UPDATE
20014619,UPDATE
20014620,UPDATE
20014621,UPDATE
20014622,UPDATE
20014623,UPDATE
20014624,UPDATE
20014626,UPDATE
20014628,UPDATE
20014629,UPDATE
20014631,UPDATE
20014632,UPDATE
20014633,UPDATE
20014636,UPDATE
20014637,UPDATE
20014638,UPDATE
20014650,UPDATE
20014651,UPDATE
20014652,UPDATE
20014653,UPDATE
20014654,UPDATE
20014655,UPDATE
20014656,UPDATE
20014657,UPDATE
20014658,UPDATE
20014659,UPDATE
20014660,UPDATE
20014661,UPDATE
20014663,UPDATE
20014664,UPDATE
20014665,UPDATE
20014666,UPDATE
20014667,UPDATE
20014671,UPDATE
20014673,UPDATE
20014674,UPDATE
20014675,UPDATE
20014676,UPDATE
20014677,UPDATE
20014679,UPDATE
20014683,UPDATE
20014685,UPDATE
20014716,UPDATE
20014717,UPDATE
20014718,UPDATE
20014719,UPDATE
20014720,UPDATE
20014721,UPDATE
20014722,UPDATE
20014723,UPDATE
20014724,UPDATE
20014725,UPDATE
20014726,UPDATE
20014727,UPDATE
20014728,UPDATE
20014729,UPDATE
20014730,UPDATE
20014731,UPDATE
20014732,UPDATE
20014733,UPDATE
20014734,UPDATE
20014749,UPDATE
20014750,UPDATE
20014751,UPDATE
20014752,UPDATE
20014753,UPDATE
20014754,UPDATE
20014755,UPDATE
20014756,UPDATE
20014757,UPDATE
20014758,UPDATE
20014759,UPDATE
20014760,UPDATE
20014761,UPDATE
20014762,UPDATE
20014763,UPDATE
20014764,UPDATE
20014765,UPDATE
20014766,UPDATE
20014767,UPDATE
20014768,UPDATE
20014769,UPDATE
20014770,UPDATE
20014771,UPDATE
20014772,UPDATE
20014773,UPDATE
20014774,UPDATE
20014775,UPDATE
20014776,UPDATE
20014777,UPDATE
20014778,UPDATE
20014779,UPDATE
20014780,UPDATE
20014781,UPDATE
20014782,UPDATE
20014783,UPDATE
20014784,UPDATE
20014785,UPDATE
20014786,UPDATE
20014787,UPDATE
20014788,UPDATE
20014789,UPDATE
20014790,UPDATE
20014791,UPDATE
20014792,UPDATE
20014793,UPDATE
20014794,UPDATE
20014795,UPDATE
20014796,UPDATE
20014797,UPDATE
20014798,UPDATE
20014799,UPDATE
20014800,UPDATE
20014801,UPDATE
20014802,UPDATE
20014803,UPDATE
20014804,UPDATE
20014805,UPDATE
20014806,UPDATE
20014807,UPDATE
20014808,UPDATE
20014809,UPDATE
20014810,UPDATE
20014811,UPDATE
20014812,UPDATE
20014813,UPDATE
20014814,UPDATE
20014815,UPDATE
20014816,UPDATE
20014817,UPDATE
20014818,UPDATE
20014819,UPDATE
20014820,UPDATE
20014848,UPDATE
20014849,UPDATE
20014851,UPDATE
20014852,UPDATE
20014853,UPDATE
20014854,UPDATE
20014856,UPDATE
20014857,UPDATE
20014858,UPDATE
20014859,UPDATE
20014860,UPDATE
20014861,UPDATE
20014862,UPDATE
20014863,UPDATE
20014864,UPDATE
20014865,UPDATE
20014866,UPDATE
20014867,UPDATE
20014868,UPDATE
20014869,UPDATE
20014870,UPDATE
20014871,UPDATE
20014872,UPDATE
20014873,UPDATE
20014874,UPDATE
20014875,UPDATE
20014876,UPDATE
20014877,UPDATE
20014878,UPDATE
20014879,UPDATE
20014880,UPDATE
20014881,UPDATE
20014882,UPDATE
20014883,UPDATE
20014884,UPDATE
20014885,UPDATE
20014886,UPDATE
20014887,UPDATE
20014888,UPDATE
20014889,UPDATE
20014890,UPDATE
20014891,UPDATE
20014892,UPDATE
20014893,UPDATE
20014894,UPDATE
20014914,UPDATE
20014915,UPDATE
20014947,UPDATE
20014948,UPDATE
20014980,UPDATE
20014981,UPDATE
20014982,UPDATE
20014983,UPDATE
20014985,UPDATE
20014986,UPDATE
20015013,UPDATE
20015014,UPDATE
20015015,UPDATE
20015016,UPDATE
20015017,UPDATE
20015018,UPDATE
20015019,UPDATE
20015020,UPDATE
20015021,UPDATE
20015022,UPDATE
20015046,UPDATE
20015047,UPDATE
20015048,UPDATE
20015049,UPDATE
20015050,UPDATE
20015051,UPDATE
20015052,UPDATE
20015053,UPDATE
20015054,UPDATE
20015055,UPDATE
20015056,UPDATE
20015057,UPDATE
20015058,UPDATE
20015059,UPDATE
20015060,UPDATE
20015061,UPDATE
20015062,UPDATE
20015063,UPDATE
20015065,UPDATE
20015066,UPDATE
20015067,UPDATE
20015068,UPDATE
20015069,UPDATE
20015070,UPDATE
20015071,UPDATE
20015072,UPDATE
20015073,UPDATE
20015074,UPDATE
20015075,UPDATE
20015076,UPDATE
20015077,UPDATE
20015078,UPDATE
20015079,UPDATE
20015080,UPDATE
20015081,UPDATE
20015082,UPDATE
20015083,UPDATE
20015085,UPDATE
20015086,UPDATE
20015087,UPDATE
20015088,UPDATE
20015112,UPDATE
20015113,UPDATE
20015114,UPDATE
20015115,UPDATE
20015116,UPDATE
20015117,UPDATE
20015118,UPDATE
20015119,UPDATE
20015120,UPDATE
20015121,UPDATE
20015122,UPDATE
20015145,UPDATE
20015146,UPDATE
20015147,UPDATE
20015148,UPDATE
20015149,UPDATE
20015150,UPDATE
20015151,UPDATE
20015153,UPDATE
20015154,UPDATE
20015155,UPDATE
20015157,UPDATE
20015158,UPDATE
20015159,UPDATE
20015160,UPDATE
20015161,UPDATE
20015162,UPDATE
20015163,UPDATE
20015164,UPDATE
20015178,UPDATE
20015211,UPDATE
20015212,UPDATE
20015213,UPDATE
20015214,UPDATE
20015215,UPDATE
20015216,UPDATE
20015217,UPDATE
20015218,UPDATE
20015219,UPDATE
20015222,UPDATE
20015223,UPDATE
20015224,UPDATE
20015225,UPDATE
20015226,UPDATE
20015227,UPDATE
20015228,UPDATE
20015229,UPDATE
20015230,UPDATE
20015231,UPDATE
20015232,UPDATE
20015234,UPDATE
20015235,UPDATE
20015236,UPDATE
20015237,UPDATE
20015238,UPDATE
20015244,UPDATE
20015245,UPDATE
20015246,UPDATE
20015248,UPDATE
20015249,UPDATE
20015250,UPDATE
20015251,UPDATE
20015252,UPDATE
20015253,UPDATE
20015254,UPDATE
20015255,UPDATE
20015256,UPDATE
20015257,UPDATE
20015258,UPDATE
20015259,UPDATE
20015260,UPDATE
20015261,UPDATE
20015277,UPDATE
20015280,UPDATE
20015281,UPDATE
20015282,UPDATE
20015283,UPDATE
20015284,UPDATE
20015285,UPDATE
20015286,UPDATE
20015287,UPDATE
20015288,UPDATE
20015289,UPDATE
20015290,UPDATE
20015292,UPDATE
20015293,UPDATE
20015294,UPDATE
20015295,UPDATE
20015296,UPDATE
20015297,UPDATE
20015298,UPDATE
20015299,UPDATE
20015300,UPDATE
20015301,UPDATE
20015302,UPDATE
20015310,UPDATE
20015311,UPDATE
20015343,UPDATE
20015376,UPDATE
20015377,UPDATE
20015378,UPDATE
20015379,UPDATE
20015380,UPDATE
20015381,UPDATE
20015382,UPDATE
20015383,UPDATE
20015384,UPDATE
20015385,UPDATE
20015409,UPDATE
20015410,UPDATE
20015411,UPDATE
20015412,UPDATE
20015413,UPDATE
20015414,UPDATE
20015415,UPDATE
20015416,UPDATE
20015417,UPDATE
20015418,UPDATE
20015419,UPDATE
20015420,UPDATE
20015421,UPDATE
20015422,UPDATE
20015423,UPDATE
20015424,UPDATE
20015425,UPDATE
20015426,UPDATE
20015427,UPDATE
20015428,UPDATE
20015429,UPDATE
20015430,UPDATE
20015431,UPDATE
20015432,UPDATE
20015433,UPDATE
20015434,UPDATE
20015435,UPDATE
20015436,UPDATE
20015437,UPDATE
20015438,UPDATE
20015439,UPDATE
20015440,UPDATE
20015441,UPDATE
20015442,UPDATE
20015443,UPDATE
20015445,UPDATE
20015446,UPDATE
20015447,UPDATE
20015448,UPDATE
20015449,UPDATE
20015451,UPDATE
20015452,UPDATE
20015453,UPDATE
20015454,UPDATE
20015455,UPDATE
20015456,UPDATE
20015457,UPDATE
20015458,UPDATE
20015459,UPDATE
20015460,UPDATE
20015475,UPDATE
20015476,UPDATE
20015477,UPDATE
20015478,UPDATE
20015508,UPDATE
20015509,UPDATE
20015510,UPDATE
20015511,UPDATE
20015512,UPDATE
20015513,UPDATE
20015515,UPDATE
20015516,UPDATE
20015517,UPDATE
20015541,UPDATE
20015542,UPDATE
20015543,UPDATE
20015544,UPDATE
20015545,UPDATE
20015546,UPDATE
20015547,UPDATE
20015548,UPDATE
20015550,UPDATE
20015551,UPDATE
20015554,UPDATE
20015555,UPDATE
20015556,UPDATE
20015557,UPDATE
20015558,UPDATE
20015559,UPDATE
20015560,UPDATE
20015561,UPDATE
20015574,UPDATE
20015575,UPDATE
20015576,UPDATE
20015577,UPDATE
20015578,UPDATE
20015579,UPDATE
20015580,UPDATE
20015581,UPDATE
20015582,UPDATE
20015583,UPDATE
20015584,UPDATE
20015585,UPDATE
20015586,UPDATE
20015587,UPDATE
20015588,UPDATE
20015589,UPDATE
20015590,UPDATE
20015591,UPDATE
20015592,UPDATE
20015593,UPDATE
20015594,UPDATE
20015595,UPDATE
20015596,UPDATE
20015597,UPDATE
20015598,UPDATE
20015599,UPDATE
20015600,UPDATE
20015601,UPDATE
20015602,UPDATE
20015603,UPDATE
20015609,UPDATE
20015610,UPDATE
20015611,UPDATE
20015612,UPDATE
20015613,UPDATE
20015614,UPDATE
20015615,UPDATE
20015616,UPDATE
20015621,UPDATE
20015622,UPDATE
20015623,UPDATE
20015624,UPDATE
20015625,UPDATE
20015627,UPDATE
20015640,UPDATE
20015641,UPDATE
20015642,UPDATE
20015643,UPDATE
20015644,UPDATE
20015645,UPDATE
20015646,UPDATE
20015647,UPDATE
20015648,UPDATE
20015649,UPDATE
20015650,UPDATE
20015651,UPDATE
20015652,UPDATE
20015653,UPDATE
20015654,UPDATE
20015656,UPDATE
20015673,UPDATE
20015674,UPDATE
20015675,UPDATE
20015676,UPDATE
20015677,UPDATE
20015678,UPDATE
20015706,UPDATE
20015707,UPDATE
20015708,UPDATE
20015709,UPDATE
20015710,UPDATE
20015711,UPDATE
20015712,UPDATE
20015713,UPDATE
20015714,UPDATE
20015715,UPDATE
20015716,UPDATE
20015717,UPDATE
20015718,UPDATE
20015719,UPDATE
20015721,UPDATE
20015722,UPDATE
20015723,UPDATE
20015724,UPDATE
20015725,UPDATE
20015726,UPDATE
20015727,UPDATE
20015728,UPDATE
20015729,UPDATE
20015730,UPDATE
20015731,UPDATE
20015732,UPDATE
20015733,UPDATE
20015734,UPDATE
20015735,UPDATE
20015736,UPDATE
20015737,UPDATE
20015738,UPDATE
20015739,UPDATE
20015740,UPDATE
20015741,UPDATE
20015742,UPDATE
20015744,UPDATE
20015745,UPDATE
20015747,UPDATE
20015748,UPDATE
20015749,UPDATE
20015750,UPDATE
20015751,UPDATE
20015752,UPDATE
20015753,UPDATE
20015754,UPDATE
20015755,UPDATE
20015756,UPDATE
20015757,UPDATE
20015761,UPDATE
20015762,UPDATE
20015763,UPDATE
20015764,UPDATE
20015765,UPDATE
20015767,UPDATE
20015768,UPDATE
20015772,UPDATE
20015773,UPDATE
20015774,UPDATE
20015776,UPDATE
20015805,UPDATE
20015838,UPDATE
20015839,UPDATE
20015840,UPDATE
20015841,UPDATE
20015842,UPDATE
20015843,UPDATE
20015844,UPDATE
20015845,UPDATE
20015871,UPDATE
20015872,UPDATE
20015873,UPDATE
20015874,UPDATE
20015875,UPDATE
20015876,UPDATE
20015877,UPDATE
20015878,UPDATE
20015879,UPDATE
20015880,UPDATE
20015881,UPDATE
20015882,UPDATE
20015883,UPDATE
20015884,UPDATE
20015885,UPDATE
20015886,UPDATE
20015887,UPDATE
20015888,UPDATE
20015889,UPDATE
20015890,UPDATE
20015891,UPDATE
20015904,UPDATE
20015905,UPDATE
20015906,UPDATE
20015907,UPDATE
20015908,UPDATE
20015909,UPDATE
20015910,UPDATE
20015911,UPDATE
20015912,UPDATE
20015913,UPDATE
20015937,UPDATE
20015938,UPDATE
20015939,UPDATE
20015940,UPDATE
20015941,UPDATE
20015942,UPDATE
20015943,UPDATE
20015970,UPDATE
20015972,UPDATE
20015973,UPDATE
20015974,UPDATE
20015975,UPDATE
20015976,UPDATE
20015977,UPDATE
20015978,UPDATE
20015979,UPDATE
20015980,UPDATE
20015981,UPDATE
20015982,UPDATE
20015983,UPDATE
20015984,UPDATE
20015985,UPDATE
20015986,UPDATE
20015987,UPDATE
20015988,UPDATE
20015989,UPDATE
20015990,UPDATE
20015991,UPDATE
20015992,UPDATE
20015993,UPDATE
20015994,UPDATE
20015995,UPDATE
20015998,UPDATE
20015999,UPDATE
20016000,UPDATE
20016002,UPDATE
20016003,UPDATE
20016004,UPDATE
20016005,UPDATE
20016006,UPDATE
20016007,UPDATE
20016008,UPDATE
20016009,UPDATE
20016010,UPDATE
20016011,UPDATE
20016012,UPDATE
20016036,UPDATE
20016037,UPDATE
20016038,UPDATE
20016039,UPDATE
20016040,UPDATE
20016041,UPDATE
20016042,UPDATE
20016043,UPDATE
20016044,UPDATE
20016045,UPDATE
20016046,UPDATE
20016047,UPDATE
20016048,UPDATE
20016049,UPDATE
20016050,UPDATE
20016051,UPDATE
20016052,UPDATE
20016053,UPDATE
20016054,UPDATE
20016055,UPDATE
20016056,UPDATE
20016057,UPDATE
20016058,UPDATE
20016059,UPDATE
20016060,UPDATE
20016061,UPDATE
20016062,UPDATE
20016063,UPDATE
20016064,UPDATE
20016065,UPDATE
20016066,UPDATE
20016067,UPDATE
20016069,UPDATE
20016070,UPDATE
20016071,UPDATE
20016072,UPDATE
20016073,UPDATE
20016074,UPDATE
20016075,UPDATE
20016077,UPDATE
20016078,UPDATE
20016079,UPDATE
20016081,UPDATE
20016082,UPDATE
20016083,UPDATE
20016085,UPDATE
20016086,UPDATE
20016087,UPDATE
20016088,UPDATE
20016089,UPDATE
20016090,UPDATE
20016091,UPDATE
20016092,UPDATE
20016093,UPDATE
20016094,UPDATE
20016095,UPDATE
20016096,UPDATE
20016098,UPDATE
20016099,UPDATE
20016102,UPDATE
20016103,UPDATE
20016104,UPDATE
20016105,UPDATE
20016135,UPDATE
20016136,UPDATE
20016168,UPDATE
20016201,UPDATE
20016234,UPDATE
20016267,UPDATE
20016300,UPDATE
20016333,UPDATE
20016367,UPDATE
20016368,UPDATE
20016369,UPDATE
20016370,UPDATE
20016371,UPDATE
20016372,UPDATE
20016373,UPDATE
20016399,UPDATE
20016400,UPDATE
20016402,UPDATE
20016403,UPDATE
20016432,UPDATE
20016433,UPDATE
20016434,UPDATE
20016435,UPDATE
20016436,UPDATE
20016437,UPDATE
20016438,UPDATE
20016439,UPDATE
20016440,UPDATE
20016441,UPDATE
20016442,UPDATE
20016443,UPDATE
20016444,UPDATE
20016445,UPDATE
20016446,UPDATE
20016447,UPDATE
20016465,UPDATE
20016466,UPDATE
20016467,UPDATE
20016468,UPDATE
20016469,UPDATE
20016472,UPDATE
20016473,UPDATE
20016474,UPDATE
20016475,UPDATE
20016476,UPDATE
20016477,UPDATE
20016480,UPDATE
20016481,UPDATE
20016482,UPDATE
20016483,UPDATE
20016484,UPDATE
20016485,UPDATE
20016486,UPDATE
20016487,UPDATE
20016488,UPDATE
20016489,UPDATE
20016491,UPDATE
20016493,UPDATE
20016494,UPDATE
20016495,UPDATE
20016496,UPDATE
20016497,UPDATE
20016498,UPDATE
20016499,UPDATE
20016500,UPDATE
20016501,UPDATE
20016502,UPDATE
20016503,UPDATE
20016504,UPDATE
20016531,UPDATE
20016532,UPDATE
20016533,UPDATE
20016534,UPDATE
20016535,UPDATE
20016536,UPDATE
20016537,UPDATE
20016538,UPDATE
20016539,UPDATE
20016540,UPDATE
20016541,UPDATE
20016542,UPDATE
20016543,UPDATE
20016544,UPDATE
20016546,UPDATE
20016547,UPDATE
20016548,UPDATE
20016551,UPDATE
20016564,UPDATE
20016565,UPDATE
20016597,UPDATE
20016598,UPDATE
20016599,UPDATE
20016600,UPDATE
20016601,UPDATE
20016602,UPDATE
20016630,UPDATE
20016631,UPDATE
20016632,UPDATE
20016633,UPDATE
20016634,UPDATE
20016636,UPDATE
20016637,UPDATE
20016638,UPDATE
20016639,UPDATE
20016640,UPDATE
20016641,UPDATE
20016642,UPDATE
20016643,UPDATE
20016644,UPDATE
20016645,UPDATE
20016646,UPDATE
20016647,UPDATE
20016665,UPDATE
20016666,UPDATE
20016667,UPDATE
20016668,UPDATE
20016669,UPDATE
20016670,UPDATE
20016671,UPDATE
20016674,UPDATE
20016675,UPDATE
20016676,UPDATE
20016677,UPDATE
20016678,UPDATE
20016679,UPDATE
20016680,UPDATE
20016681,UPDATE
20016696,UPDATE
20016697,UPDATE
20016698,UPDATE
20016699,UPDATE
20016700,UPDATE
20016701,UPDATE
20016702,UPDATE
20016703,UPDATE
20016704,UPDATE
20016705,UPDATE
20016706,UPDATE
20016708,UPDATE
20016709,UPDATE
20016710,UPDATE
20016711,UPDATE
20016712,UPDATE
20016713,UPDATE
20016714,UPDATE
20016715,UPDATE
20016716,UPDATE
20016717,UPDATE
20016718,UPDATE
20016719,UPDATE
20016720,UPDATE
20016721,UPDATE
20016722,UPDATE
20016723,UPDATE
20016724,UPDATE
20016725,UPDATE
20016728,UPDATE
20016729,UPDATE
20016731,UPDATE
20016732,UPDATE
20016733,UPDATE
20016734,UPDATE
20016736,UPDATE
20016737,UPDATE
20016738,UPDATE
20016739,UPDATE
20016740,UPDATE
20016741,UPDATE
20016742,UPDATE
20016743,UPDATE
20016744,UPDATE
20016745,UPDATE
20016746,UPDATE
20016747,UPDATE
20016748,UPDATE
20016749,UPDATE
20016750,UPDATE
20016751,UPDATE
20016752,UPDATE
20016753,UPDATE
20016755,UPDATE
20016756,UPDATE
20016758,UPDATE
20016759,UPDATE
20016760,UPDATE
20016761,UPDATE
20016763,UPDATE
20016764,UPDATE
20016765,UPDATE
20016766,UPDATE
20016767,UPDATE
20016768,UPDATE
20016795,UPDATE
20016796,UPDATE
20016797,UPDATE
20016798,UPDATE
20016799,UPDATE
20016800,UPDATE
20016801,UPDATE
20016803,UPDATE
20016804,UPDATE
20016805,UPDATE
20016806,UPDATE
20016807,UPDATE
20016808,UPDATE
20016809,UPDATE
20016810,UPDATE
20016811,UPDATE
20016812,UPDATE
20016813,UPDATE
20016814,UPDATE
20016815,UPDATE
20016816,UPDATE
20016817,UPDATE
20016818,UPDATE
20016819,UPDATE
20016820,UPDATE
20016821,UPDATE
20016822,UPDATE
20016823,UPDATE
20016824,UPDATE
20016825,UPDATE
20016826,UPDATE
20016827,UPDATE
20016828,UPDATE
20016829,UPDATE
20016830,UPDATE
20016831,UPDATE
20016832,UPDATE
20016833,UPDATE
20016834,UPDATE
20016835,UPDATE
20016836,UPDATE
20016837,UPDATE
20016838,UPDATE
20016839,UPDATE
20016840,UPDATE
20016841,UPDATE
20016842,UPDATE
20016843,UPDATE
20016844,UPDATE
20016845,UPDATE
20016846,UPDATE
20016847,UPDATE
20016848,UPDATE
20016849,UPDATE
20016850,UPDATE
20016861,UPDATE
20016862,UPDATE
20016863,UPDATE
20016864,UPDATE
20016865,UPDATE
20016866,UPDATE
20016867,UPDATE
20016868,UPDATE
20016869,UPDATE
20016871,UPDATE
20016872,UPDATE
20016873,UPDATE
20016874,UPDATE
20016875,UPDATE
20016876,UPDATE
20016877,UPDATE
20016878,UPDATE
20016894,UPDATE
20016895,UPDATE
20016896,UPDATE
20016897,UPDATE
20016898,UPDATE
20016899,UPDATE
20016900,UPDATE
20016901,UPDATE
20016902,UPDATE
20016903,UPDATE
20016904,UPDATE
20016905,UPDATE
20016906,UPDATE
20016907,UPDATE
20016908,UPDATE
20016909,UPDATE
20016910,UPDATE
20016911,UPDATE
20016912,UPDATE
20016913,UPDATE
20016914,UPDATE
20016915,UPDATE
20016916,UPDATE
20016917,UPDATE
20016919,UPDATE
20016920,UPDATE
20016921,UPDATE
20016922,UPDATE
20016924,UPDATE
20016925,UPDATE
20016927,UPDATE
20016928,UPDATE
20016961,UPDATE
20016962,UPDATE
20016963,UPDATE
20016964,UPDATE
20016965,UPDATE
20016966,UPDATE
20016967,UPDATE
20016968,UPDATE
20016969,UPDATE
20016970,UPDATE
20016971,UPDATE
20016972,UPDATE
20016973,UPDATE
20016974,UPDATE
20016975,UPDATE
20016976,UPDATE
20016977,UPDATE
20016978,UPDATE
20016979,UPDATE
20016980,UPDATE
20016981,UPDATE
20016982,UPDATE
20016983,UPDATE
20016993,UPDATE
20016994,UPDATE
20016995,UPDATE
20016996,UPDATE
20016997,UPDATE
20016998,UPDATE
20016999,UPDATE
20017000,UPDATE
20017001,UPDATE
20017002,UPDATE
20017003,UPDATE
20017004,UPDATE
20017005,UPDATE
20017006,UPDATE
20017007,UPDATE
20017008,UPDATE
20017009,UPDATE
20017010,UPDATE
20017011,UPDATE
20017012,UPDATE
20017013,UPDATE
20017026,UPDATE
20017027,UPDATE
20017028,UPDATE
20017029,UPDATE
20017030,UPDATE
20017031,UPDATE
20017032,UPDATE
20017033,UPDATE
20017034,UPDATE
20017035,UPDATE
20017036,UPDATE
20017037,UPDATE
20017038,UPDATE
20017039,UPDATE
20017040,UPDATE
20017041,UPDATE
20017042,UPDATE
20017043,UPDATE
20017044,UPDATE
20017045,UPDATE
20017046,UPDATE
20017047,UPDATE
20017048,UPDATE
20017049,UPDATE
20017050,UPDATE
20017051,UPDATE
20017052,UPDATE
20017053,UPDATE
20017054,UPDATE
20017055,UPDATE
20017056,UPDATE
20017057,UPDATE
20017058,UPDATE
20017059,UPDATE
20017060,UPDATE
20017061,UPDATE
20017062,UPDATE
20017063,UPDATE
20017064,UPDATE
20017065,UPDATE
20017066,UPDATE
20017067,UPDATE
20017068,UPDATE
20017092,UPDATE
20017093,UPDATE
20017094,UPDATE
20017095,UPDATE
20017096,UPDATE
20017125,UPDATE
20017126,UPDATE
20017127,UPDATE
20017128,UPDATE
20017129,UPDATE
20017130,UPDATE
20017131,UPDATE
20017132,UPDATE
20017133,UPDATE
20017134,UPDATE
20017135,UPDATE
20017136,UPDATE
20017158,UPDATE
20017159,UPDATE
20017160,UPDATE
20017161,UPDATE
20017162,UPDATE
20017163,UPDATE
20017164,UPDATE
20017165,UPDATE
20017166,UPDATE
20017167,UPDATE
20017168,UPDATE
20017169,UPDATE
20017170,UPDATE
20017171,UPDATE
20017172,UPDATE
20017173,UPDATE
20017174,UPDATE
20017175,UPDATE
20017176,UPDATE
20017177,UPDATE
20017178,UPDATE
20017179,UPDATE
20017180,UPDATE
20017181,UPDATE
20017182,UPDATE
20017183,UPDATE
20017184,UPDATE
20017185,UPDATE
20017186,UPDATE
20017187,UPDATE
20017188,UPDATE
20017189,UPDATE
20017190,UPDATE
20017191,UPDATE
20017192,UPDATE
20017193,UPDATE
20017194,UPDATE
20017195,UPDATE
20017196,UPDATE
20017197,UPDATE
20017224,UPDATE
20017225,UPDATE
20017226,UPDATE
20017227,UPDATE
20017228,UPDATE
20017229,UPDATE
20017230,UPDATE
20017231,UPDATE
20017232,UPDATE
20017233,UPDATE
20017234,UPDATE
20017235,UPDATE
20017236,UPDATE
20017237,UPDATE
20017238,UPDATE
20017239,UPDATE
20017240,UPDATE
20017241,UPDATE
20017242,UPDATE
20017243,UPDATE
20017244,UPDATE
20017245,UPDATE
20017246,UPDATE
20017247,UPDATE
20017248,UPDATE
20017257,UPDATE
20017290,UPDATE
20017323,UPDATE
20017324,UPDATE
20017325,UPDATE
20017326,UPDATE
20017327,UPDATE
20017328,UPDATE
20017329,UPDATE
20017330,UPDATE
20017331,UPDATE
20017332,UPDATE
20017333,UPDATE
20017334,UPDATE
20017335,UPDATE
20017336,UPDATE
20017337,UPDATE
20017338,UPDATE
20017339,UPDATE
20017340,UPDATE
20017341,UPDATE
20017342,UPDATE
20017343,UPDATE
20017344,UPDATE
20017345,UPDATE
20017346,UPDATE
20017356,UPDATE
20017389,UPDATE
20017390,UPDATE
20017391,UPDATE
20017392,UPDATE
20017393,UPDATE
20017394,UPDATE
20017395,UPDATE
20017396,UPDATE
20017422,UPDATE
20017423,UPDATE
20017424,UPDATE
20017425,UPDATE
20017426,UPDATE
20017427,UPDATE
20017428,UPDATE
20017429,UPDATE
20017455,UPDATE
20017488,UPDATE
20017489,UPDATE
20017521,UPDATE
20017522,UPDATE
20017523,UPDATE
20017554,UPDATE
20017587,UPDATE
20017686,UPDATE
20017687,UPDATE
20017688,UPDATE
20017719,UPDATE
20017720,UPDATE
20017752,UPDATE
20017818,UPDATE
20017819,UPDATE
20017820,UPDATE
20017851,UPDATE
20017884,UPDATE
20017917,UPDATE
20017950,UPDATE
20017951,UPDATE
20017952,UPDATE
20018016,UPDATE
20018017,UPDATE
20018052,UPDATE
20018082,UPDATE
20018083,UPDATE
20018115,UPDATE
20018148,UPDATE
20018181,UPDATE
20018214,UPDATE
20018247,UPDATE
20018280,UPDATE
20018313,UPDATE
20018314,UPDATE
20018315,UPDATE
20018346,UPDATE
20018347,UPDATE
20018348,UPDATE
20018349,UPDATE
20018350,UPDATE
20018351,UPDATE
20018352,UPDATE
20018353,UPDATE
20018354,UPDATE
20018379,UPDATE
20018445,UPDATE
20018478,UPDATE
20018479,UPDATE
20018480,UPDATE
20018481,UPDATE
20018482,UPDATE
20018483,UPDATE
20018484,UPDATE
20018485,UPDATE
20018486,UPDATE
20018487,UPDATE
20018488,UPDATE
20018489,UPDATE
20018490,UPDATE
20018491,UPDATE
20018492,UPDATE
20018493,UPDATE
20018494,UPDATE
20018495,UPDATE
20018496,UPDATE
20018497,UPDATE
20018511,UPDATE
20018512,UPDATE
20018513,UPDATE
20018514,UPDATE
20018515,UPDATE
20018516,UPDATE
20018517,UPDATE
20018518,UPDATE
20018544,UPDATE
20018545,UPDATE
20018546,UPDATE
20018547,UPDATE
20018548,UPDATE
20018549,UPDATE
20018550,UPDATE
20018551,UPDATE
20018552,UPDATE
20018553,UPDATE
20018554,UPDATE
20018555,UPDATE
20018556,UPDATE
20018557,UPDATE
20018558,UPDATE
20018559,UPDATE
20018560,UPDATE
20018561,UPDATE
20018562,UPDATE
20018577,UPDATE
20018578,UPDATE
20018610,UPDATE
20018643,UPDATE
20018676,UPDATE
20018709,UPDATE
20018742,UPDATE
20018743,UPDATE
20018744,UPDATE
20018745,UPDATE
20018746,UPDATE
20018747,UPDATE
20018775,UPDATE
20018776,UPDATE
20018777,UPDATE
20018778,UPDATE
20018808,UPDATE
20018841,UPDATE
20018842,UPDATE
20018843,UPDATE
20018844,UPDATE
20018875,UPDATE
20018907,UPDATE
20018940,UPDATE
20018941,UPDATE
20018942,UPDATE
20018943,UPDATE
20018944,UPDATE
20018945,UPDATE
20018946,UPDATE
20018947,UPDATE
20018948,UPDATE
20018949,UPDATE
20018950,UPDATE
20018951,UPDATE
20018952,UPDATE
20018953,UPDATE
20018954,UPDATE
20018973,UPDATE
20018974,UPDATE
20018975,UPDATE
20019006,UPDATE
20019039,UPDATE
20019072,UPDATE
20019105,UPDATE
20019138,UPDATE
20019139,UPDATE
20019171,UPDATE
20019204,UPDATE
20019237,UPDATE
20019238,UPDATE
20019239,UPDATE
20019240,UPDATE
20019241,UPDATE
20019242,UPDATE
20019243,UPDATE
20019270,UPDATE
20019271,UPDATE
20019272,UPDATE
20019273,UPDATE
20019274,UPDATE
20019275,UPDATE
20019276,UPDATE
20019277,UPDATE
20019278,UPDATE
20019279,UPDATE
20019303,UPDATE
20019336,UPDATE
20019369,UPDATE
20019402,UPDATE
20019468,UPDATE
20019469,UPDATE
20019501,UPDATE
20019534,UPDATE
20019567,UPDATE
20019600,UPDATE
20019601,UPDATE
20019633,UPDATE
20019666,UPDATE
20019699,UPDATE
20019700,UPDATE
20019732,UPDATE
20019733,UPDATE
20019765,UPDATE
20019798,UPDATE
20019831,UPDATE
20019864,UPDATE
20019865,UPDATE
20019866,UPDATE
20019867,UPDATE
20019868,UPDATE
20019869,UPDATE
20019870,UPDATE
20019871,UPDATE
20019872,UPDATE
20019873,UPDATE
20019897,UPDATE
20019963,UPDATE
20019964,UPDATE
20019965,UPDATE
20019966,UPDATE
20019967,UPDATE
20019968,UPDATE
20019969,UPDATE
20019970,UPDATE
20019996,UPDATE
20019997,UPDATE
20020029,UPDATE
20020030,UPDATE
20020031,UPDATE
20020062,UPDATE
20020063,UPDATE
20020064,UPDATE
20020065,UPDATE
20020066,UPDATE
20020067,UPDATE
20020068,UPDATE
20020069,UPDATE
20020070,UPDATE
20020095,UPDATE
20020096,UPDATE
20020097,UPDATE
20020098,UPDATE
20020099,UPDATE
20020100,UPDATE
20020101,UPDATE
20020102,UPDATE
20020128,UPDATE
20020129,UPDATE
20020130,UPDATE
20020131,UPDATE
20020132,UPDATE
20020133,UPDATE
20020134,UPDATE
20020161,UPDATE
20020162,UPDATE
20020163,UPDATE
20020164,UPDATE
20020165,UPDATE
20020166,UPDATE
20020167,UPDATE
20020168,UPDATE
20020169,UPDATE
20020170,UPDATE
20020171,UPDATE
20020172,UPDATE
20020173,UPDATE
20020174,UPDATE
20020175,UPDATE
20020176,UPDATE
20020177,UPDATE
20020178,UPDATE
20020179,UPDATE
20020180,UPDATE
20020181,UPDATE
20020182,UPDATE
20020183,UPDATE
20020184,UPDATE
20020194,UPDATE
20020195,UPDATE
20020196,UPDATE
20020227,UPDATE
20020228,UPDATE
20020229,UPDATE
20020230,UPDATE
20020260,UPDATE
20020261,UPDATE
20020262,UPDATE
20020263,UPDATE
20020264,UPDATE
20020265,UPDATE
20020267,UPDATE
20020268,UPDATE
20020269,UPDATE
20020270,UPDATE
20020271,UPDATE
20020272,UPDATE
20020273,UPDATE
20020293,UPDATE
20020294,UPDATE
20020295,UPDATE
20020296,UPDATE
20020297,UPDATE
20020326,UPDATE
20020327,UPDATE
20020328,UPDATE
20020329,UPDATE
20020330,UPDATE
20020331,UPDATE
20020332,UPDATE
20020333,UPDATE
20020334,UPDATE
20020335,UPDATE
20020336,UPDATE
20020337,UPDATE
20020359,UPDATE
20020360,UPDATE
20020361,UPDATE
20020392,UPDATE
20020393,UPDATE
20020394,UPDATE
20020425,UPDATE
20020458,UPDATE
20020491,UPDATE
20020492,UPDATE
20020493,UPDATE
20020494,UPDATE
20020495,UPDATE
20020496,UPDATE
20020497,UPDATE
20020498,UPDATE
20020499,UPDATE
20020500,UPDATE
20020501,UPDATE
20020524,UPDATE
20020525,UPDATE
20020526,UPDATE
20020527,UPDATE
20020528,UPDATE
20020529,UPDATE
20020530,UPDATE
20020531,UPDATE
20020532,UPDATE
20020533,UPDATE
20020534,UPDATE
20020557,UPDATE
20020558,UPDATE
20020590,UPDATE
20020623,UPDATE
20020624,UPDATE
20020656,UPDATE
20020657,UPDATE
20020658,UPDATE
20020689,UPDATE
20020690,UPDATE
20020722,UPDATE
20020723,UPDATE
20020724,UPDATE
20020755,UPDATE
20020756,UPDATE
20020757,UPDATE
20020758,UPDATE
20020788,UPDATE
20020789,UPDATE
20020790,UPDATE
20020791,UPDATE
20020793,UPDATE
20020794,UPDATE
20020821,UPDATE
20020822,UPDATE
20020823,UPDATE
20020887,UPDATE
20020888,UPDATE
20020920,UPDATE
20020921,UPDATE
20020953,UPDATE
20020954,UPDATE
20020955,UPDATE
20020956,UPDATE
20020957,UPDATE
20020958,UPDATE
20020959,UPDATE
20020986,UPDATE
